X,Y,POTEAU_ID_POT,PANNEAU_ID_PAN,PANNEAU_ID_RPA,DESCRIPTION_RPA,CODE_RPA,FLECHE_PAN,DESCRIPTION_REP,X_EPSG32188,Y_EPSG32188,Longitude,Latitude,DESCRIPTION_CAT,NOM_ARR
-73.5900373757836,45.5278851693379,221883,1167849,1589,\P RESERVE S3R 09h-23h,R-PF,3,Réel,297767.031,5043111.5,-73.5900373757836,45.5278851693379,STATIONNEMENT,Le Plateau-Mont-Royal
-73.5920127801876,45.5275641523689,19037,1180658,2413,\P EN TOUT TEMPS,SD-TT,0,Réel,297612.688,5043076,-73.5920127801876,45.5275641523689,STATIONNEMENT,Le Plateau-Mont-Royal
-73.5917931896319,45.5278342807775,19040,1180656,2413,\P EN TOUT TEMPS,SD-TT,0,Réel,297629.875,5043106,-73.5917931896319,45.5278342807775,STATIONNEMENT,Le Plateau-Mont-Royal
-73.5974396095782,45.5242797375295,222492,1157424,14094,\P 09h-10h MER. 1 AVRIL AU 1 DEC.,SU-NC-A,0,Réel,297188.344,5042711.5,-73.5974396095782,45.5242797375295,STATIONNEMENT,Le Plateau-Mont-Royal
-73.5974396095782,45.5242797375295,222492,1157425,1589,\P RESERVE S3R 09h-23h,R-PF,2,Réel,297188.344,5042711.5,-73.5974396095782,45.5242797375295,STATIONNEMENT,Le Plateau-Mont-Royal
-73.5973842751704,45.5269838023337,19590,1180866,14139,\P 18h30-19h30 LUNDI  1 AVRIL AU 1 DEC.,SU-UC-A,0,Réel,297193.031,5043012,-73.5973842751704,45.5269838023337,STATIONNEMENT,Le Plateau-Mont-Royal
-73.5973842751704,45.5269838023337,19590,1180868,1411,P 15 min 07h-18h LUN. AU VEN.,PV-DB,3,Réel,297193.031,5043012,-73.5973842751704,45.5269838023337,STATIONNEMENT,Le Plateau-Mont-Royal
-73.5918889261573,45.5279061909367,19045,1180666,14037,\P 12h30-13h30 JEU. 1 AVRIL AU 1 DEC.,SU-JK-A,0,Réel,297622.406,5043114,-73.5918889261573,45.5279061909367,STATIONNEMENT,Le Plateau-Mont-Royal
-73.5921676234358,45.527573025932,19086,1180662,14037,\P 12h30-13h30 JEU. 1 AVRIL AU 1 DEC.,SU-JK-A,0,Réel,297600.594,5043077,-73.5921676234358,45.527573025932,STATIONNEMENT,Le Plateau-Mont-Royal
-73.5954730850355,45.5250417625161,153713,1169518,11,\A EN TOUT TEMPS,AD-TT,3,Réel,297342.063,5042796,-73.5954730850355,45.5250417625161,STATIONNEMENT,Le Plateau-Mont-Royal
-73.5954730850355,45.5250417625161,153713,1169519,14139,\P 18h30-19h30 LUNDI  1 AVRIL AU 1 DEC.,SU-UC-A,0,Réel,297342.063,5042796,-73.5954730850355,45.5250417625161,STATIONNEMENT,Le Plateau-Mont-Royal
-73.5950904871542,45.525901428362,222921,1157373,2728,\P 07h-18h LUN. AU VEN.,SV-OC,2,Réel,297372.063,5042891.5,-73.5950904871542,45.525901428362,STATIONNEMENT,Le Plateau-Mont-Royal
-73.5950904871542,45.525901428362,222921,1157374,14139,\P 18h30-19h30 LUNDI  1 AVRIL AU 1 DEC.,SU-UC-A,0,Réel,297372.063,5042891.5,-73.5950904871542,45.525901428362,STATIONNEMENT,Le Plateau-Mont-Royal
-73.5950904871542,45.525901428362,222921,1157375,1686,\P RESERVE HANDICAPES (PICTO),R-TD,3,Réel,297372.063,5042891.5,-73.5950904871542,45.525901428362,STATIONNEMENT,Le Plateau-Mont-Royal
-73.598532827123,45.526739860807,34919,1175667,14113,\P 19h-20h MAR. 1 AVRIL AU 1 DEC.,SU-SB-A,0,Réel,297103.281,5042985,-73.598532827123,45.526739860807,STATIONNEMENT,Le Plateau-Mont-Royal
-73.598532827123,45.526739860807,34919,1175668,1589,\P RESERVE S3R 09h-23h,R-PF,2,Réel,297103.281,5042985,-73.598532827123,45.526739860807,STATIONNEMENT,Le Plateau-Mont-Royal
-73.5984631502033,45.526712781733,238716,1175666,2437,\P LIVRAISON SEULEMENT 08h-11h LUN. AU VEN.,SL-AV,3,Réel,297108.72,5042981.984,-73.5984631502033,45.526712781733,STATIONNEMENT,Le Plateau-Mont-Royal
-73.5982934631991,45.5248324073893,230940,1165938,1589,\P RESERVE S3R 09h-23h,R-PF,0,Réel,297121.719,5042773,-73.5982934631991,45.5248324073893,STATIONNEMENT,Le Plateau-Mont-Royal
-73.5989228402948,45.5251198127626,20724,1165937,1589,\P RESERVE S3R 09h-23h,R-PF,3,Réel,297072.594,5042805,-73.5989228402948,45.5251198127626,STATIONNEMENT,Le Plateau-Mont-Royal
-73.5949844051652,45.5265895967933,238440,1172828,2725,\P 08h-20h   LUN A VEN,SV-JU,0,Réel,297380.44,5042967.967,-73.5949844051652,45.5265895967933,STATIONNEMENT,Le Plateau-Mont-Royal
-73.5987707143892,45.5256729227736,237675,1162079,11,\A EN TOUT TEMPS,AD-TT,3,Réel,297084.553,5042866.453,-73.5987707143892,45.5256729227736,STATIONNEMENT,Le Plateau-Mont-Royal
-73.5943315872129,45.5242238567863,21450,1169118,13823,\P 08h-09h LUN. JEU. 1 AVRIL AU 1 DEC.,SB-JA-A,0,Réel,297431.125,5042705,-73.5943315872129,45.5242238567863,STATIONNEMENT,Le Plateau-Mont-Royal
-73.5945052715992,45.5247411210295,24028,1169115,14080,\P 14h-15h MAR. 1 AVRIL AU 1 DEC.,SU-MN-A,0,Réel,297417.625,5042762.5,-73.5945052715992,45.5247411210295,STATIONNEMENT,Le Plateau-Mont-Royal
-73.5942358263507,45.5246108668795,24024,1169113,9768,"\P EXCEPTE S3R 17h-23h LUN A VEN, 9h-23h SAM ET DIM",R-SX,3,Réel,297438.656,5042748,-73.5942358263507,45.5246108668795,STATIONNEMENT,Le Plateau-Mont-Royal
-73.5942358263507,45.5246108668795,24024,1169114,11,\A EN TOUT TEMPS,AD-TT,2,Réel,297438.656,5042748,-73.5942358263507,45.5246108668795,STATIONNEMENT,Le Plateau-Mont-Royal
-73.5931215818794,45.5250257068523,41944,1169097,14036,\P 12h-13h JEU. 1 AVRIL AU 1 DEC.,SU-JJ-A,0,Réel,297525.75,5042794,-73.5931215818794,45.5250257068523,STATIONNEMENT,Le Plateau-Mont-Royal
-73.5931215818794,45.5250257068523,41944,1169098,9768,"\P EXCEPTE S3R 17h-23h LUN A VEN, 9h-23h SAM ET DIM",R-SX,3,Réel,297525.75,5042794,-73.5931215818794,45.5250257068523,STATIONNEMENT,Le Plateau-Mont-Royal
-73.5928064749619,45.5248639921657,41946,1169094,9768,"\P EXCEPTE S3R 17h-23h LUN A VEN, 9h-23h SAM ET DIM",R-SX,2,Réel,297550.344,5042776,-73.5928064749619,45.5248639921657,STATIONNEMENT,Le Plateau-Mont-Royal
-73.5928064749619,45.5248639921657,41946,1169095,1589,\P RESERVE S3R 09h-23h,R-PF,3,Réel,297550.344,5042776,-73.5928064749619,45.5248639921657,STATIONNEMENT,Le Plateau-Mont-Royal
-73.5924693843345,45.5247067936009,41949,1169092,14036,\P 12h-13h JEU. 1 AVRIL AU 1 DEC.,SU-JJ-A,0,Réel,297576.656,5042758.5,-73.5924693843345,45.5247067936009,STATIONNEMENT,Le Plateau-Mont-Royal
-73.5924693843345,45.5247067936009,41949,1169093,1589,\P RESERVE S3R 09h-23h,R-PF,2,Réel,297576.656,5042758.5,-73.5924693843345,45.5247067936009,STATIONNEMENT,Le Plateau-Mont-Royal
-73.5920904212632,45.5243921558612,41957,1169089,14077,\P 12h30-13h30 MAR. 1 AVRIL AU 1 DEC.,SU-MK-A,0,Réel,297606.219,5042723.5,-73.5920904212632,45.5243921558612,STATIONNEMENT,Le Plateau-Mont-Royal
-73.5920904212632,45.5243921558612,41957,1169090,1589,\P RESERVE S3R 09h-23h,R-PF,0,Réel,297606.219,5042723.5,-73.5920904212632,45.5243921558612,STATIONNEMENT,Le Plateau-Mont-Royal
-73.5906042489247,45.524132390784,19111,1157308,2413,\P EN TOUT TEMPS,SD-TT,2,Réel,297722.281,5042694.5,-73.5906042489247,45.524132390784,STATIONNEMENT,Le Plateau-Mont-Royal
-73.5906042489247,45.524132390784,19111,1157309,14078,\P 13h-14h MAR. 1 AVRIL AU 1 DEC.,SU-ML-A,0,Réel,297722.281,5042694.5,-73.5906042489247,45.524132390784,STATIONNEMENT,Le Plateau-Mont-Royal
-73.5910302120331,45.5243300168674,19108,1157305,1589,\P RESERVE S3R 09h-23h,R-PF,3,Réel,297689.031,5042716.5,-73.5910302120331,45.5243300168674,STATIONNEMENT,Le Plateau-Mont-Royal
-73.5910302120331,45.5243300168674,19108,1157306,14078,\P 13h-14h MAR. 1 AVRIL AU 1 DEC.,SU-ML-A,0,Réel,297689.031,5042716.5,-73.5910302120331,45.5243300168674,STATIONNEMENT,Le Plateau-Mont-Royal
-73.5932057870674,45.5248996606371,41942,1172646,14077,\P 12h30-13h30 MAR. 1 AVRIL AU 1 DEC.,SU-MK-A,0,Réel,297519.156,5042780,-73.5932057870674,45.5248996606371,STATIONNEMENT,Le Plateau-Mont-Royal
-73.5964022257805,45.5263412502085,222934,1142408,14087,\P 08h-09h MER. 1 AVRIL AU 1 DEC.,SU-NA-A,0,Réel,297269.656,5042940.5,-73.5964022257805,45.5263412502085,STATIONNEMENT,Le Plateau-Mont-Royal
-73.5964022257805,45.5263412502085,222934,1142409,1589,\P RESERVE S3R 09h-23h,R-PF,2,Réel,297269.656,5042940.5,-73.5964022257805,45.5263412502085,STATIONNEMENT,Le Plateau-Mont-Royal
-73.5976929776511,45.527136511418,224921,1142162,11,\A EN TOUT TEMPS,AD-TT,0,Réel,297168.938,5043029,-73.5976929776511,45.527136511418,STATIONNEMENT,Le Plateau-Mont-Royal
-73.596619595186,45.524086968516,52527,1136239,1589,\P RESERVE S3R 09h-23h,R-PF,3,Réel,297252.375,5042690,-73.596619595186,45.524086968516,STATIONNEMENT,Le Plateau-Mont-Royal
-73.5925386211088,45.5269203425628,219098,1148370,11,\A EN TOUT TEMPS,AD-TT,3,Réel,297571.531,5043004.5,-73.5925386211088,45.5269203425628,STATIONNEMENT,Le Plateau-Mont-Royal
-73.5925386211088,45.5269203425628,219098,1148371,2413,\P EN TOUT TEMPS,SD-TT,2,Réel,297571.531,5043004.5,-73.5925386211088,45.5269203425628,STATIONNEMENT,Le Plateau-Mont-Royal
-73.5938581712142,45.5265278358963,113996,1141939,14113,\P 19h-20h MAR. 1 AVRIL AU 1 DEC.,SU-SB-A,0,Réel,297468.406,5042961,-73.5938581712142,45.5265278358963,STATIONNEMENT,Le Plateau-Mont-Royal
-73.5938581712142,45.5265278358963,113996,1141940,2413,\P EN TOUT TEMPS,SD-TT,2,Réel,297468.406,5042961,-73.5938581712142,45.5265278358963,STATIONNEMENT,Le Plateau-Mont-Royal
-73.5938581712142,45.5265278358963,113996,1141941,1589,\P RESERVE S3R 09h-23h,R-PF,3,Réel,297468.406,5042961,-73.5938581712142,45.5265278358963,STATIONNEMENT,Le Plateau-Mont-Royal
-73.5918408785541,45.5271503646723,20843,1141933,1589,\P RESERVE S3R 09h-23h,R-PF,2,Réel,297626.063,5043030,-73.5918408785541,45.5271503646723,STATIONNEMENT,Le Plateau-Mont-Royal
-73.5918408785541,45.5271503646723,20843,1141932,14077,\P 12h30-13h30 MAR. 1 AVRIL AU 1 DEC.,SU-MK-A,0,Réel,297626.063,5043030,-73.5918408785541,45.5271503646723,STATIONNEMENT,Le Plateau-Mont-Royal
-73.5921539763269,45.5272985859905,20842,1141930,14077,\P 12h30-13h30 MAR. 1 AVRIL AU 1 DEC.,SU-MK-A,0,Réel,297601.625,5043046.5,-73.5921539763269,45.5272985859905,STATIONNEMENT,Le Plateau-Mont-Royal
-73.5921539763269,45.5272985859905,20842,1141931,1589,\P RESERVE S3R 09h-23h,R-PF,0,Réel,297601.625,5043046.5,-73.5921539763269,45.5272985859905,STATIONNEMENT,Le Plateau-Mont-Royal
-73.5917153374146,45.5263282823711,236195,1135744,1686,\P RESERVE HANDICAPES (PICTO),R-TD,3,Réel,297635.765,5042938.63,-73.5917153374146,45.5263282823711,STATIONNEMENT,Le Plateau-Mont-Royal
-73.5917795878355,45.526358555354,236192,1135741,2395,\P 08h-18h,SD-OD,3,Réel,297630.75,5042942,-73.5917795878355,45.526358555354,STATIONNEMENT,Le Plateau-Mont-Royal
-73.5917795878355,45.526358555354,236192,1135743,1686,\P RESERVE HANDICAPES (PICTO),R-TD,2,Réel,297630.75,5042942,-73.5917795878355,45.526358555354,STATIONNEMENT,Le Plateau-Mont-Royal
-73.5937800292312,45.5274142417452,43092,1141546,14130,\P 18h-19h LUNDI 1ER AVRIL AU 1ER DEC.,SU-SS-A,0,Réel,297474.625,5043059.5,-73.5937800292312,45.5274142417452,STATIONNEMENT,Le Plateau-Mont-Royal
-73.5937800292312,45.5274142417452,43092,1141547,1589,\P RESERVE S3R 09h-23h,R-PF,0,Réel,297474.625,5043059.5,-73.5937800292312,45.5274142417452,STATIONNEMENT,Le Plateau-Mont-Royal
-73.5979629370882,45.5254715773978,229543,1141038,1683,\P RESERVE TAXIS,R-TA,2,Réel,297147.625,5042844,-73.5979629370882,45.5254715773978,STATIONNEMENT,Le Plateau-Mont-Royal
-73.5938184715002,45.5247866791379,129845,1140619,2426,\P 08h-17h LUN A VEN SEPT A JUIN,SE-JC,0,Réel,297471.281,5042767.5,-73.5938184715002,45.5247866791379,STATIONNEMENT,Le Plateau-Mont-Royal
-73.597419496504,45.526065936183,23983,1140611,14136,\P 18h30-19h30 JEUDI  1 AVRIL AU 1 DEC.,SU-SY-A,0,Réel,297190.156,5042910,-73.597419496504,45.526065936183,STATIONNEMENT,Le Plateau-Mont-Royal
-73.597419496504,45.526065936183,23983,1140612,2440,\P LIVRAISON SEULEMENT 08h-17h LUN. AU VEN.,SL-JC,2,Réel,297190.156,5042910,-73.597419496504,45.526065936183,STATIONNEMENT,Le Plateau-Mont-Royal
-73.5952331075297,45.5253074154973,153714,1140610,11,\A EN TOUT TEMPS,AD-TT,2,Réel,297360.844,5042825.5,-73.5952331075297,45.5253074154973,STATIONNEMENT,Le Plateau-Mont-Royal
-73.5959700620738,45.5255812497875,23968,1134848,14113,\P 19h-20h MAR. 1 AVRIL AU 1 DEC.,SU-SB-A,0,Réel,297303.313,5042856,-73.5959700620738,45.5255812497875,STATIONNEMENT,Le Plateau-Mont-Royal
-73.5959700620738,45.5255812497875,23968,1134849,1589,\P RESERVE S3R 09h-23h,R-PF,2,Réel,297303.313,5042856,-73.5959700620738,45.5255812497875,STATIONNEMENT,Le Plateau-Mont-Royal
-73.5905023028957,45.5264180639957,216419,1134583,2413,\P EN TOUT TEMPS,SD-TT,3,Réel,297730.531,5042948.5,-73.5905023028957,45.5264180639957,STATIONNEMENT,Le Plateau-Mont-Royal
-73.5905023028957,45.5264180639957,216419,1134582,2742,\P 07h-17h LUN. AU VEN.,SV-PK,2,Réel,297730.531,5042948.5,-73.5905023028957,45.5264180639957,STATIONNEMENT,Le Plateau-Mont-Royal
-73.5962473865013,45.5270387562357,21533,1146033,2413,\P EN TOUT TEMPS,SD-TT,0,Réel,297281.844,5043018,-73.5962473865013,45.5270387562357,STATIONNEMENT,Le Plateau-Mont-Royal
-73.5967566506995,45.5272632858265,21536,1146032,2413,\P EN TOUT TEMPS,SD-TT,0,Réel,297242.094,5043043,-73.5967566506995,45.5272632858265,STATIONNEMENT,Le Plateau-Mont-Royal
-73.593738492744,45.5252906549526,41926,1139722,14036,\P 12h-13h JEU. 1 AVRIL AU 1 DEC.,SU-JJ-A,0,Réel,297477.594,5042823.5,-73.593738492744,45.5252906549526,STATIONNEMENT,Le Plateau-Mont-Royal
-73.5905295138774,45.5259276299695,216420,1139619,2358,\P 07h-17h,SD-JI,3,Réel,297728.344,5042894,-73.5905295138774,45.5259276299695,STATIONNEMENT,Le Plateau-Mont-Royal
-73.5936944571838,45.5240733790402,237034,1151599,1762,\P RESERVE DEBARCADERE HANDICAPES EN TOUT TEMPS,RD-TT,2,Réel,297480.876,5042688.219,-73.5936944571838,45.5240733790402,STATIONNEMENT,Le Plateau-Mont-Royal
-73.5936622313535,45.5240549947468,237033,1151598,1762,\P RESERVE DEBARCADERE HANDICAPES EN TOUT TEMPS,RD-TT,3,Réel,297483.391,5042686.173,-73.5936622313535,45.5240549947468,STATIONNEMENT,Le Plateau-Mont-Royal
-73.59192130419,45.5264214301598,236196,1145131,2395,\P 08h-18h,SD-OD,2,Réel,297619.688,5042949,-73.59192130419,45.5264214301598,STATIONNEMENT,Le Plateau-Mont-Royal
-73.59192130419,45.5264214301598,236196,1145133,14080,\P 14h-15h MAR. 1 AVRIL AU 1 DEC.,SU-MN-A,0,Réel,297619.688,5042949,-73.59192130419,45.5264214301598,STATIONNEMENT,Le Plateau-Mont-Royal
-73.5919516741332,45.5252294873931,237004,1151247,9768,"\P EXCEPTE S3R 17h-23h LUN A VEN, 9h-23h SAM ET DIM",R-SX,3,Réel,297617.164,5042816.541,-73.5919516741332,45.5252294873931,STATIONNEMENT,Le Plateau-Mont-Royal
-73.591826087469,45.5251724845978,237003,1151243,14077,\P 12h30-13h30 MAR. 1 AVRIL AU 1 DEC.,SU-MK-A,0,Réel,297626.967,5042810.195,-73.591826087469,45.5251724845978,STATIONNEMENT,Le Plateau-Mont-Royal
-73.591826087469,45.5251724845978,237003,1151244,9768,"\P EXCEPTE S3R 17h-23h LUN A VEN, 9h-23h SAM ET DIM",R-SX,2,Réel,297626.967,5042810.195,-73.591826087469,45.5251724845978,STATIONNEMENT,Le Plateau-Mont-Royal
-73.591826087469,45.5251724845978,237003,1151245,1446,P 02h 09h-17h LUN A VEN,PV-OB,3,Réel,297626.967,5042810.195,-73.591826087469,45.5251724845978,STATIONNEMENT,Le Plateau-Mont-Royal
-73.5916338750067,45.5250719019083,158512,1151238,1446,P 02h 09h-17h LUN A VEN,PV-OB,2,Réel,297641.969,5042799,-73.5916338750067,45.5250719019083,STATIONNEMENT,Le Plateau-Mont-Royal
-73.5916338750067,45.5250719019083,158512,1151240,2445,\P LIVRAISON SEULEMENT 09h-17h LUN. AU VEN.,SL-JH,3,Réel,297641.969,5042799,-73.5916338750067,45.5250719019083,STATIONNEMENT,Le Plateau-Mont-Royal
-73.591505368021,45.5250135153485,158513,1151232,1446,P 02h 09h-17h LUN A VEN,PV-OB,3,Réel,297652,5042792.5,-73.591505368021,45.5250135153485,STATIONNEMENT,Le Plateau-Mont-Royal
-73.591505368021,45.5250135153485,158513,1151234,2445,\P LIVRAISON SEULEMENT 09h-17h LUN. AU VEN.,SL-JH,2,Réel,297652,5042792.5,-73.591505368021,45.5250135153485,STATIONNEMENT,Le Plateau-Mont-Royal
-73.5947182467964,45.5248309285963,24030,1145076,2413,\P EN TOUT TEMPS,SD-TT,3,Réel,297401,5042772.5,-73.5947182467964,45.5248309285963,STATIONNEMENT,Le Plateau-Mont-Royal
-73.5947182467964,45.5248309285963,24030,1145077,14080,\P 14h-15h MAR. 1 AVRIL AU 1 DEC.,SU-MN-A,0,Réel,297401,5042772.5,-73.5947182467964,45.5248309285963,STATIONNEMENT,Le Plateau-Mont-Royal
-73.5947182467964,45.5248309285963,24030,1145078,9768,"\P EXCEPTE S3R 17h-23h LUN A VEN, 9h-23h SAM ET DIM",R-SX,2,Réel,297401,5042772.5,-73.5947182467964,45.5248309285963,STATIONNEMENT,Le Plateau-Mont-Royal
-73.594935231873,45.524929730828,149040,1145074,14080,\P 14h-15h MAR. 1 AVRIL AU 1 DEC.,SU-MN-A,0,Réel,297384.063,5042783.5,-73.594935231873,45.524929730828,STATIONNEMENT,Le Plateau-Mont-Royal
-73.594935231873,45.524929730828,149040,1145075,2413,\P EN TOUT TEMPS,SD-TT,2,Réel,297384.063,5042783.5,-73.594935231873,45.524929730828,STATIONNEMENT,Le Plateau-Mont-Royal
-73.5901085439911,45.5256085198079,21800,1144964,14080,\P 14h-15h MAR. 1 AVRIL AU 1 DEC.,SU-MN-A,0,Réel,297761.188,5042858.5,-73.5901085439911,45.5256085198079,STATIONNEMENT,Le Plateau-Mont-Royal
-73.5901085439911,45.5256085198079,21800,1144965,2436,\P LIVRAISON SEULEMENT 09h30-12h LUN. AU VEN.,SL-AQ,3,Réel,297761.188,5042858.5,-73.5901085439911,45.5256085198079,STATIONNEMENT,Le Plateau-Mont-Royal
-73.5901085439911,45.5256085198079,21800,1144966,1589,\P RESERVE S3R 09h-23h,R-PF,2,Réel,297761.188,5042858.5,-73.5901085439911,45.5256085198079,STATIONNEMENT,Le Plateau-Mont-Royal
-73.5910797654757,45.5260351733,43119,1144948,14080,\P 14h-15h MAR. 1 AVRIL AU 1 DEC.,SU-MN-A,0,Réel,297685.375,5042906,-73.5910797654757,45.5260351733,STATIONNEMENT,Le Plateau-Mont-Royal
-73.5910797654757,45.5260351733,43119,1144949,1594,\P RESERVE S3R 17h-23h,R-PJ,3,Réel,297685.375,5042906,-73.5910797654757,45.5260351733,STATIONNEMENT,Le Plateau-Mont-Royal
-73.5910797654757,45.5260351733,43119,1144950,2413,\P EN TOUT TEMPS,SD-TT,2,Réel,297685.375,5042906,-73.5910797654757,45.5260351733,STATIONNEMENT,Le Plateau-Mont-Royal
-73.5914288974075,45.5262103630796,43117,1144944,14080,\P 14h-15h MAR. 1 AVRIL AU 1 DEC.,SU-MN-A,0,Réel,297658.125,5042925.5,-73.5914288974075,45.5262103630796,STATIONNEMENT,Le Plateau-Mont-Royal
-73.5914288974075,45.5262103630796,43117,1144945,1594,\P RESERVE S3R 17h-23h,R-PJ,2,Réel,297658.125,5042925.5,-73.5914288974075,45.5262103630796,STATIONNEMENT,Le Plateau-Mont-Royal
-73.5923305004825,45.5266235640029,226744,1144941,14080,\P 14h-15h MAR. 1 AVRIL AU 1 DEC.,SU-MN-A,0,Réel,297587.75,5042971.5,-73.5923305004825,45.5266235640029,STATIONNEMENT,Le Plateau-Mont-Royal
-73.5923305004825,45.5266235640029,226744,1144942,1589,\P RESERVE S3R 09h-23h,R-PF,3,Réel,297587.75,5042971.5,-73.5923305004825,45.5266235640029,STATIONNEMENT,Le Plateau-Mont-Royal
-73.5900500038444,45.5247672159999,127059,1144930,14080,\P 14h-15h MAR. 1 AVRIL AU 1 DEC.,SU-MN-A,0,Réel,297765.656,5042765,-73.5900500038444,45.5247672159999,STATIONNEMENT,Le Plateau-Mont-Royal
-73.5900500038444,45.5247672159999,127059,1144931,1589,\P RESERVE S3R 09h-23h,R-PF,3,Réel,297765.656,5042765,-73.5900500038444,45.5247672159999,STATIONNEMENT,Le Plateau-Mont-Royal
-73.59035145833,45.5249064531022,180689,1144929,14080,\P 14h-15h MAR. 1 AVRIL AU 1 DEC.,SU-MN-A,0,Réel,297742.125,5042780.5,-73.59035145833,45.5249064531022,STATIONNEMENT,Le Plateau-Mont-Royal
-73.5906588893104,45.5250276878714,219410,1144927,1656,\P RESERVE S3R 16h-23h,R-RL,2,Réel,297718.125,5042794,-73.5906588893104,45.5250276878714,STATIONNEMENT,Le Plateau-Mont-Royal
-73.5906588893104,45.5250276878714,219410,1144928,14080,\P 14h-15h MAR. 1 AVRIL AU 1 DEC.,SU-MN-A,0,Réel,297718.125,5042794,-73.5906588893104,45.5250276878714,STATIONNEMENT,Le Plateau-Mont-Royal
-73.5939070487392,45.524165716994,24164,1145059,14081,\P 14h30-15h30 MAR. 1 AVRIL AU 1 DEC.,SU-MO-A,0,Réel,297464.281,5042698.5,-73.5939070487392,45.524165716994,STATIONNEMENT,Le Plateau-Mont-Royal
-73.593576376905,45.5240265131943,24158,1145064,14081,\P 14h30-15h30 MAR. 1 AVRIL AU 1 DEC.,SU-MO-A,0,Réel,297490.094,5042683,-73.593576376905,45.5240265131943,STATIONNEMENT,Le Plateau-Mont-Royal
-73.593576376905,45.5240265131943,24158,1145065,1589,\P RESERVE S3R 09h-23h,R-PF,3,Réel,297490.094,5042683,-73.593576376905,45.5240265131943,STATIONNEMENT,Le Plateau-Mont-Royal
-73.5934749911285,45.5253718564326,129837,1137917,13972,\P 08h-09h MAR. VEN. 1 AVRIL AU 1 DEC.,SB-VA-A,0,Réel,297498.188,5042832.5,-73.5934749911285,45.5253718564326,STATIONNEMENT,Le Plateau-Mont-Royal
-73.5934749911285,45.5253718564326,129837,1137918,2440,\P LIVRAISON SEULEMENT 08h-17h LUN. AU VEN.,SL-JC,2,Réel,297498.188,5042832.5,-73.5934749911285,45.5253718564326,STATIONNEMENT,Le Plateau-Mont-Royal
-73.5935879921139,45.5252412871788,41928,1137916,2440,\P LIVRAISON SEULEMENT 08h-17h LUN. AU VEN.,SL-JC,3,Réel,297489.344,5042818,-73.5935879921139,45.5252412871788,STATIONNEMENT,Le Plateau-Mont-Royal
-73.5941884251233,45.5264150841522,181017,1149920,1762,\P RESERVE DEBARCADERE HANDICAPES EN TOUT TEMPS,RD-TT,2,Réel,297442.594,5042948.5,-73.5941884251233,45.5264150841522,STATIONNEMENT,Le Plateau-Mont-Royal
-73.5941884251233,45.5264150841522,181017,1149921,9348,P 15 min.  7h - 18h,PD-JJ,3,Réel,297442.594,5042948.5,-73.5941884251233,45.5264150841522,STATIONNEMENT,Le Plateau-Mont-Royal
-73.5926113999095,45.5273881999824,20795,1149915,14037,\P 12h30-13h30 JEU. 1 AVRIL AU 1 DEC.,SU-JK-A,0,Réel,297565.906,5043056.5,-73.5926113999095,45.5273881999824,STATIONNEMENT,Le Plateau-Mont-Royal
-73.5926113999095,45.5273881999824,20795,1149916,1656,\P RESERVE S3R 16h-23h,R-RL,3,Réel,297565.906,5043056.5,-73.5926113999095,45.5273881999824,STATIONNEMENT,Le Plateau-Mont-Royal
-73.5929654987612,45.5269334935463,227676,1149670,11,\A EN TOUT TEMPS,AD-TT,0,Réel,297538.188,5043006,-73.5929654987612,45.5269334935463,STATIONNEMENT,Le Plateau-Mont-Royal
-73.5904343227344,45.5241955142145,19122,1143565,14103,\P 13h30-14h30 MER. 1 AVRIL AU 1 DEC.,SU-NM-A,0,Réel,297735.563,5042701.5,-73.5904343227344,45.5241955142145,STATIONNEMENT,Le Plateau-Mont-Royal
-73.5904343227344,45.5241955142145,19122,1143566,1589,\P RESERVE S3R 09h-23h,R-PF,2,Réel,297735.563,5042701.5,-73.5904343227344,45.5241955142145,STATIONNEMENT,Le Plateau-Mont-Royal
-73.5908538850368,45.5243931460204,19124,1143562,14103,\P 13h30-14h30 MER. 1 AVRIL AU 1 DEC.,SU-NM-A,0,Réel,297702.813,5042723.5,-73.5908538850368,45.5243931460204,STATIONNEMENT,Le Plateau-Mont-Royal
-73.5908538850368,45.5243931460204,19124,1143563,1589,\P RESERVE S3R 09h-23h,R-PF,3,Réel,297702.813,5042723.5,-73.5908538850368,45.5243931460204,STATIONNEMENT,Le Plateau-Mont-Royal
-73.5912990458426,45.5245862566239,214538,1143558,11,\A EN TOUT TEMPS,AD-TT,2,Réel,297668.063,5042745,-73.5912990458426,45.5245862566239,STATIONNEMENT,Le Plateau-Mont-Royal
-73.5912990458426,45.5245862566239,214538,1143559,14103,\P 13h30-14h30 MER. 1 AVRIL AU 1 DEC.,SU-NM-A,0,Réel,297668.063,5042745,-73.5912990458426,45.5245862566239,STATIONNEMENT,Le Plateau-Mont-Royal
-73.5988588420523,45.527639418362,213490,1142563,1686,\P RESERVE HANDICAPES (PICTO),R-TD,2,Réel,297077.938,5043085,-73.5988588420523,45.527639418362,STATIONNEMENT,Le Plateau-Mont-Royal
-73.5921996359811,45.5273345427151,19034,1155504,2413,\P EN TOUT TEMPS,SD-TT,0,Réel,297598.063,5043050.5,-73.5921996359811,45.5273345427151,STATIONNEMENT,Le Plateau-Mont-Royal
-73.5904880811686,45.5265305551793,165686,1125884,2413,\P EN TOUT TEMPS,SD-TT,3,Réel,297731.656,5042961,-73.5904880811686,45.5265305551793,STATIONNEMENT,Le Plateau-Mont-Royal
-73.5903991897818,45.5264856335923,163168,1131589,2413,\P EN TOUT TEMPS,SD-TT,2,Réel,297738.594,5042956,-73.5903991897818,45.5264856335923,STATIONNEMENT,Le Plateau-Mont-Royal
-73.5903991897818,45.5264856335923,163168,1131590,16126,\P 8h-13h LUN A VEN EXCEPTE LIVRAISON,RV-JK,3,Réel,297738.594,5042956,-73.5903991897818,45.5264856335923,STATIONNEMENT,Le Plateau-Mont-Royal
-73.5903991897818,45.5264856335923,163168,1131591,14077,\P 12h30-13h30 MAR. 1 AVRIL AU 1 DEC.,SU-MK-A,0,Réel,297738.594,5042956,-73.5903991897818,45.5264856335923,STATIONNEMENT,Le Plateau-Mont-Royal
-73.5935718076424,45.524165992093,219139,1131390,9768,"\P EXCEPTE S3R 17h-23h LUN A VEN, 9h-23h SAM ET DIM",R-SX,2,Réel,297490.469,5042698.5,-73.5935718076424,45.524165992093,STATIONNEMENT,Le Plateau-Mont-Royal
-73.5934316952834,45.5241031179981,215853,1131388,14036,\P 12h-13h JEU. 1 AVRIL AU 1 DEC.,SU-JJ-A,0,Réel,297501.406,5042691.5,-73.5934316952834,45.5241031179981,STATIONNEMENT,Le Plateau-Mont-Royal
-73.5934316952834,45.5241031179981,215853,1131389,2413,\P EN TOUT TEMPS,SD-TT,3,Réel,297501.406,5042691.5,-73.5934316952834,45.5241031179981,STATIONNEMENT,Le Plateau-Mont-Royal
-73.5932563222677,45.5240132773301,24160,1131382,2413,\P EN TOUT TEMPS,SD-TT,2,Réel,297515.094,5042681.5,-73.5932563222677,45.5240132773301,STATIONNEMENT,Le Plateau-Mont-Royal
-73.5932563222677,45.5240132773301,24160,1131383,1589,\P RESERVE S3R 09h-23h,R-PF,3,Réel,297515.094,5042681.5,-73.5932563222677,45.5240132773301,STATIONNEMENT,Le Plateau-Mont-Royal
-73.594121226344,45.5242645230913,219067,1131370,11,\A EN TOUT TEMPS,AD-TT,3,Réel,297447.563,5042709.5,-73.594121226344,45.5242645230913,STATIONNEMENT,Le Plateau-Mont-Royal
-73.594121226344,45.5242645230913,219067,1131371,1589,\P RESERVE S3R 09h-23h,R-PF,2,Réel,297447.563,5042709.5,-73.594121226344,45.5242645230913,STATIONNEMENT,Le Plateau-Mont-Royal
-73.5909777178859,45.5252221866677,234746,1119595,11,\A EN TOUT TEMPS,AD-TT,0,Réel,297693.244,5042815.643,-73.5909777178859,45.5252221866677,STATIONNEMENT,Le Plateau-Mont-Royal
-73.5930313984066,45.5275828898511,235381,1126066,2413,\P EN TOUT TEMPS,SD-TT,2,Réel,297533.124,5043078.174,-73.5930313984066,45.5275828898511,STATIONNEMENT,Le Plateau-Mont-Royal
-73.59296454379,45.5275506130567,235380,1126069,1656,\P RESERVE S3R 16h-23h,R-RL,0,Réel,297538.342,5043074.581,-73.59296454379,45.5275506130567,STATIONNEMENT,Le Plateau-Mont-Royal
-73.59296454379,45.5275506130567,235380,1126070,2413,\P EN TOUT TEMPS,SD-TT,3,Réel,297538.342,5043074.581,-73.59296454379,45.5275506130567,STATIONNEMENT,Le Plateau-Mont-Royal
-73.5949507265719,45.525701186366,234170,1113053,11,\A EN TOUT TEMPS,AD-TT,2,Réel,297382.954,5042869.234,-73.5949507265719,45.525701186366,STATIONNEMENT,Le Plateau-Mont-Royal
-73.5925016606438,45.5268258893741,158249,1112669,11,\A EN TOUT TEMPS,AD-TT,2,Réel,297574.406,5042994,-73.5925016606438,45.5268258893741,STATIONNEMENT,Le Plateau-Mont-Royal
-73.5925016606438,45.5268258893741,158249,1112670,1589,\P RESERVE S3R 09h-23h,R-PF,3,Réel,297574.406,5042994,-73.5925016606438,45.5268258893741,STATIONNEMENT,Le Plateau-Mont-Royal
-73.5902195408848,45.5279750095226,65264,1093171,14076,\P 12h-13h MAR. 1 AVRIL AU 1 DEC.,SU-MJ-A,0,Réel,297752.813,5043121.5,-73.5902195408848,45.5279750095226,STATIONNEMENT,Le Plateau-Mont-Royal
-73.5902195408848,45.5279750095226,65264,1093172,1589,\P RESERVE S3R 09h-23h,R-PF,2,Réel,297752.813,5043121.5,-73.5902195408848,45.5279750095226,STATIONNEMENT,Le Plateau-Mont-Royal
-73.5927166072671,45.5254399624521,35290,1112267,14036,\P 12h-13h JEU. 1 AVRIL AU 1 DEC.,SU-JJ-A,0,Réel,297557.438,5042840,-73.5927166072671,45.5254399624521,STATIONNEMENT,Le Plateau-Mont-Royal
-73.5927166072671,45.5254399624521,35290,1112268,1589,\P RESERVE S3R 09h-23h,R-PF,2,Réel,297557.438,5042840,-73.5927166072671,45.5254399624521,STATIONNEMENT,Le Plateau-Mont-Royal
-73.5990322223264,45.5277202537082,41896,1097400,14139,\P 18h30-19h30 LUNDI  1 AVRIL AU 1 DEC.,SU-UC-A,0,Réel,297064.406,5043094,-73.5990322223264,45.5277202537082,STATIONNEMENT,Le Plateau-Mont-Royal
-73.5916936465091,45.5241900111092,46645,1097377,11,\A EN TOUT TEMPS,AD-TT,0,Réel,297637.188,5042701,-73.5916936465091,45.5241900111092,STATIONNEMENT,Le Plateau-Mont-Royal
-73.5902778887519,45.5260513770567,232918,1131565,11,\A EN TOUT TEMPS,AD-TT,0,Réel,297748.015,5042907.73,-73.5902778887519,45.5260513770567,STATIONNEMENT,Le Plateau-Mont-Royal
-73.5937914349479,45.5251565624007,233822,1109099,11,\A EN TOUT TEMPS,AD-TT,2,Réel,297473.441,5042808.603,-73.5937914349479,45.5251565624007,STATIONNEMENT,Le Plateau-Mont-Royal
-73.5937914349479,45.5251565624007,233822,1109100,1589,\P RESERVE S3R 09h-23h,R-PF,3,Réel,297473.441,5042808.603,-73.5937914349479,45.5251565624007,STATIONNEMENT,Le Plateau-Mont-Royal
-73.5940242294194,45.5252706146542,233821,1109169,14077,\P 12h30-13h30 MAR. 1 AVRIL AU 1 DEC.,SU-MK-A,0,Réel,297455.271,5042821.299,-73.5940242294194,45.5252706146542,STATIONNEMENT,Le Plateau-Mont-Royal
-73.5940242294194,45.5252706146542,233821,1109170,1589,\P RESERVE S3R 09h-23h,R-PF,2,Réel,297455.271,5042821.299,-73.5940242294194,45.5252706146542,STATIONNEMENT,Le Plateau-Mont-Royal
-73.5924730658852,45.5272038450116,166141,1102827,14037,\P 12h30-13h30 JEU. 1 AVRIL AU 1 DEC.,SU-JK-A,0,Réel,297576.688,5043036,-73.5924730658852,45.5272038450116,STATIONNEMENT,Le Plateau-Mont-Royal
-73.5941428491963,45.5254702903279,41921,1102811,1589,\P RESERVE S3R 09h-23h,R-PF,0,Réel,297446.031,5042843.5,-73.5941428491963,45.5254702903279,STATIONNEMENT,Le Plateau-Mont-Royal
-73.5919678835084,45.5240683122917,46644,1102783,11,\A EN TOUT TEMPS,AD-TT,0,Réel,297615.75,5042687.5,-73.5919678835084,45.5240683122917,STATIONNEMENT,Le Plateau-Mont-Royal
-73.5949323039276,45.525091704384,24006,1102768,14036,\P 12h-13h JEU. 1 AVRIL AU 1 DEC.,SU-JJ-A,0,Réel,297384.313,5042801.5,-73.5949323039276,45.525091704384,STATIONNEMENT,Le Plateau-Mont-Royal
-73.5949323039276,45.525091704384,24006,1102769,2435,\P LIVRAISON SEULEMENT 08h-12h LUN. AU VEN.,SL-AN,2,Réel,297384.313,5042801.5,-73.5949323039276,45.525091704384,STATIONNEMENT,Le Plateau-Mont-Royal
-73.5949323039276,45.525091704384,24006,1102770,1589,\P RESERVE S3R 09h-23h,R-PF,3,Réel,297384.313,5042801.5,-73.5949323039276,45.525091704384,STATIONNEMENT,Le Plateau-Mont-Royal
-73.5954331171624,45.5248213352154,36042,1102733,14113,\P 19h-20h MAR. 1 AVRIL AU 1 DEC.,SU-SB-A,0,Réel,297345.156,5042771.5,-73.5954331171624,45.5248213352154,STATIONNEMENT,Le Plateau-Mont-Royal
-73.5952878118343,45.5250059236301,153716,1075265,11,\A EN TOUT TEMPS,AD-TT,2,Réel,297356.531,5042792,-73.5952878118343,45.5250059236301,STATIONNEMENT,Le Plateau-Mont-Royal
-73.5987480011124,45.5241931292181,34120,1073965,1686,\P RESERVE HANDICAPES (PICTO),R-TD,2,Réel,297086.125,5042702,-73.5987480011124,45.5241931292181,STATIONNEMENT,Le Plateau-Mont-Royal
-73.5946741557052,45.5240661014362,219065,1073041,11,\A EN TOUT TEMPS,AD-TT,2,Réel,297404.344,5042687.5,-73.5946741557052,45.5240661014362,STATIONNEMENT,Le Plateau-Mont-Royal
-73.5936657101335,45.5267529536957,224873,1071619,2413,\P EN TOUT TEMPS,SD-TT,3,Réel,297483.469,5042986,-73.5936657101335,45.5267529536957,STATIONNEMENT,Le Plateau-Mont-Royal
-73.5939159219477,45.5261363583094,35233,1071617,14077,\P 12h30-13h30 MAR. 1 AVRIL AU 1 DEC.,SU-MK-A,0,Réel,297463.844,5042917.5,-73.5939159219477,45.5261363583094,STATIONNEMENT,Le Plateau-Mont-Royal
-73.5939159219477,45.5261363583094,35233,1071618,1589,\P RESERVE S3R 09h-23h,R-PF,0,Réel,297463.844,5042917.5,-73.5939159219477,45.5261363583094,STATIONNEMENT,Le Plateau-Mont-Royal
-73.598190968662,45.5268526350803,224879,1070817,2413,\P EN TOUT TEMPS,SD-TT,3,Réel,297130,5042997.5,-73.598190968662,45.5268526350803,STATIONNEMENT,Le Plateau-Mont-Royal
-73.598190968662,45.5268526350803,224879,1070818,13823,\P 08h-09h LUN. JEU. 1 AVRIL AU 1 DEC.,SB-JA-A,0,Réel,297130,5042997.5,-73.598190968662,45.5268526350803,STATIONNEMENT,Le Plateau-Mont-Royal
-73.5907043147991,45.5249196710622,127071,1063584,14039,\P 13h30-14h30 JEU. 1 AVRIL AU 1 DEC.,SU-JM-A,0,Réel,297714.563,5042782,-73.5907043147991,45.5249196710622,STATIONNEMENT,Le Plateau-Mont-Royal
-73.5907043147991,45.5249196710622,127071,1063585,1589,\P RESERVE S3R 09h-23h,R-PF,2,Réel,297714.563,5042782,-73.5907043147991,45.5249196710622,STATIONNEMENT,Le Plateau-Mont-Royal
-73.5986198699018,45.5241257519307,34122,1088701,1641,\P RESERVE S3R 09h30-23h,R-RA,0,Réel,297096.125,5042694.5,-73.5986198699018,45.5241257519307,STATIONNEMENT,Le Plateau-Mont-Royal
-73.5986198699018,45.5241257519307,34122,1088700,32,\A 07h30-09h30 LUN. AU VEN.,AV-AG,0,Réel,297096.125,5042694.5,-73.5986198699018,45.5241257519307,STATIONNEMENT,Le Plateau-Mont-Royal
-73.5988156600697,45.5242245651001,173435,1088697,1641,\P RESERVE S3R 09h30-23h,R-RA,3,Réel,297080.844,5042705.5,-73.5988156600697,45.5242245651001,STATIONNEMENT,Le Plateau-Mont-Royal
-73.5988156600697,45.5242245651001,173435,1088698,1686,\P RESERVE HANDICAPES (PICTO),R-TD,3,Réel,297080.844,5042705.5,-73.5988156600697,45.5242245651001,STATIONNEMENT,Le Plateau-Mont-Royal
-73.5959092640593,45.5262876747979,19646,1042058,2728,\P 07h-18h LUN. AU VEN.,SV-OC,2,Réel,297308.156,5042934.5,-73.5959092640593,45.5262876747979,STATIONNEMENT,Le Plateau-Mont-Royal
-73.5995867479307,45.5279672273859,223845,1059139,14139,\P 18h30-19h30 LUNDI  1 AVRIL AU 1 DEC.,SU-UC-A,0,Réel,297021.125,5043121.5,-73.5995867479307,45.5279672273859,STATIONNEMENT,Le Plateau-Mont-Royal
-73.5995867479307,45.5279672273859,223845,1059140,2728,\P 07h-18h LUN. AU VEN.,SV-OC,2,Réel,297021.125,5043121.5,-73.5995867479307,45.5279672273859,STATIONNEMENT,Le Plateau-Mont-Royal
-73.5983155481625,45.5274059290586,41901,1059109,14139,\P 18h30-19h30 LUNDI  1 AVRIL AU 1 DEC.,SU-UC-A,0,Réel,297120.344,5043059,-73.5983155481625,45.5274059290586,STATIONNEMENT,Le Plateau-Mont-Royal
-73.5960602046516,45.5263595351185,222932,1059095,2728,\P 07h-18h LUN. AU VEN.,SV-OC,3,Réel,297296.375,5042942.5,-73.5960602046516,45.5263595351185,STATIONNEMENT,Le Plateau-Mont-Royal
-73.5960602046516,45.5263595351185,222932,1059096,14139,\P 18h30-19h30 LUNDI  1 AVRIL AU 1 DEC.,SU-UC-A,0,Réel,297296.375,5042942.5,-73.5960602046516,45.5263595351185,STATIONNEMENT,Le Plateau-Mont-Royal
-73.5955377146739,45.5261125174646,19647,1059094,14139,\P 18h30-19h30 LUNDI  1 AVRIL AU 1 DEC.,SU-UC-A,0,Réel,297337.156,5042915,-73.5955377146739,45.5261125174646,STATIONNEMENT,Le Plateau-Mont-Royal
-73.5964379735846,45.5265240313966,229739,1041897,2729,\P 08h-18h LUN. AU VEN.,SV-OD,3,Réel,297266.888,5042960.816,-73.5964379735846,45.5265240313966,STATIONNEMENT,Le Plateau-Mont-Royal
-73.5962215045006,45.526425159625,229738,1040540,2729,\P 08h-18h LUN. AU VEN.,SV-OD,2,Réel,297283.784,5042949.808,-73.5962215045006,45.526425159625,STATIONNEMENT,Le Plateau-Mont-Royal
-73.5974704319975,45.5268352553722,19599,1053150,14087,\P 08h-09h MER. 1 AVRIL AU 1 DEC.,SU-NA-A,0,Réel,297186.281,5042995.5,-73.5974704319975,45.5268352553722,STATIONNEMENT,Le Plateau-Mont-Royal
-73.5944091664606,45.5263609115701,219079,1052627,11,\A EN TOUT TEMPS,AD-TT,3,Réel,297425.344,5042942.5,-73.5944091664606,45.5263609115701,STATIONNEMENT,Le Plateau-Mont-Royal
-73.5944091664606,45.5263609115701,219079,1052628,2725,\P 08h-20h   LUN A VEN,SV-JU,0,Réel,297425.344,5042942.5,-73.5944091664606,45.5263609115701,STATIONNEMENT,Le Plateau-Mont-Royal
-73.5996033622813,45.5260505552838,222615,1038563,1590,\P RESERVE S3R 09-23h       (2 SECTEURS),R-PF-2S,2,Réel,297019.563,5042908.5,-73.5996033622813,45.5260505552838,STATIONNEMENT,Le Plateau-Mont-Royal
-73.5900517764488,45.5261349706408,16781,1056998,11,\A EN TOUT TEMPS,AD-TT,0,Réel,297765.688,5042917,-73.5900517764488,45.5261349706408,STATIONNEMENT,Le Plateau-Mont-Royal
-73.5905221244379,45.5255587016497,46663,1056996,11,\A EN TOUT TEMPS,AD-TT,0,Réel,297728.875,5042853,-73.5905221244379,45.5255587016497,STATIONNEMENT,Le Plateau-Mont-Royal
-73.5977831694623,45.5253862466671,72845,1038248,14178,\P 07h-08h LUN. AU VEN. 1 AVRIL AU 1 DEC.,SV-AD-A,0,Réel,297161.656,5042834.5,-73.5977831694623,45.5253862466671,STATIONNEMENT,Le Plateau-Mont-Royal
-73.5981955433284,45.5255748592258,72844,1038249,14178,\P 07h-08h LUN. AU VEN. 1 AVRIL AU 1 DEC.,SV-AD-A,0,Réel,297129.469,5042855.5,-73.5981955433284,45.5255748592258,STATIONNEMENT,Le Plateau-Mont-Royal
-73.5981955433284,45.5255748592258,72844,1038250,1683,\P RESERVE TAXIS,R-TA,0,Réel,297129.469,5042855.5,-73.5981955433284,45.5255748592258,STATIONNEMENT,Le Plateau-Mont-Royal
-73.5984425601413,45.5256826273579,72842,1038240,1683,\P RESERVE TAXIS,R-TA,3,Réel,297110.188,5042867.5,-73.5984425601413,45.5256826273579,STATIONNEMENT,Le Plateau-Mont-Royal
-73.5981202107679,45.5247678488697,230925,1056165,1762,\P RESERVE DEBARCADERE HANDICAPES EN TOUT TEMPS,RD-TT,3,Réel,297135.244,5042765.809,-73.5981202107679,45.5247678488697,STATIONNEMENT,Le Plateau-Mont-Royal
-73.5980736769289,45.5247381131377,149878,1056164,1762,\P RESERVE DEBARCADERE HANDICAPES EN TOUT TEMPS,RD-TT,2,Réel,297138.875,5042762.5,-73.5980736769289,45.5247381131377,STATIONNEMENT,Le Plateau-Mont-Royal
-73.5977260649985,45.526371619715,23962,1028023,14113,\P 19h-20h MAR. 1 AVRIL AU 1 DEC.,SU-SB-A,0,Réel,297166.25,5042944,-73.5977260649985,45.526371619715,STATIONNEMENT,Le Plateau-Mont-Royal
-73.5977260649985,45.526371619715,23962,1028024,1589,\P RESERVE S3R 09h-23h,R-PF,3,Réel,297166.25,5042944,-73.5977260649985,45.526371619715,STATIONNEMENT,Le Plateau-Mont-Royal
-73.5906215930671,45.5264674605884,160749,1034312,2413,\P EN TOUT TEMPS,SD-TT,2,Réel,297721.219,5042954,-73.5906215930671,45.5264674605884,STATIONNEMENT,Le Plateau-Mont-Royal
-73.598267211418,45.527217004416,41903,1034055,1589,\P RESERVE S3R 09h-23h,R-PF,2,Réel,297124.094,5043038,-73.598267211418,45.527217004416,STATIONNEMENT,Le Plateau-Mont-Royal
-73.598267211418,45.527217004416,41903,1034056,14087,\P 08h-09h MER. 1 AVRIL AU 1 DEC.,SU-NA-A,0,Réel,297124.094,5043038,-73.598267211418,45.527217004416,STATIONNEMENT,Le Plateau-Mont-Royal
-73.5952323348065,45.5257978286608,19661,1019928,14087,\P 08h-09h MER. 1 AVRIL AU 1 DEC.,SU-NA-A,0,Réel,297360.969,5042880,-73.5952323348065,45.5257978286608,STATIONNEMENT,Le Plateau-Mont-Royal
-73.5955914762922,45.5259729973807,222933,1019927,1589,\P RESERVE S3R 09h-23h,R-PF,3,Réel,297332.938,5042899.5,-73.5955914762922,45.5259729973807,STATIONNEMENT,Le Plateau-Mont-Royal
-73.5955914762922,45.5259729973807,222933,1019926,14087,\P 08h-09h MER. 1 AVRIL AU 1 DEC.,SU-NA-A,0,Réel,297332.938,5042899.5,-73.5955914762922,45.5259729973807,STATIONNEMENT,Le Plateau-Mont-Royal
-73.5961611858792,45.5262244742519,19638,1019924,14087,\P 08h-09h MER. 1 AVRIL AU 1 DEC.,SU-NA-A,0,Réel,297288.469,5042927.5,-73.5961611858792,45.5262244742519,STATIONNEMENT,Le Plateau-Mont-Royal
-73.5961611858792,45.5262244742519,19638,1019925,1589,\P RESERVE S3R 09h-23h,R-PF,0,Réel,297288.469,5042927.5,-73.5961611858792,45.5262244742519,STATIONNEMENT,Le Plateau-Mont-Royal
-73.5968878699265,45.5265612999758,19624,1019917,14087,\P 08h-09h MER. 1 AVRIL AU 1 DEC.,SU-NA-A,0,Réel,297231.75,5042965,-73.5968878699265,45.5265612999758,STATIONNEMENT,Le Plateau-Mont-Royal
-73.5989754956131,45.5275448342366,41895,1019911,2413,\P EN TOUT TEMPS,SD-TT,3,Réel,297068.813,5043074.5,-73.5989754956131,45.5275448342366,STATIONNEMENT,Le Plateau-Mont-Royal
-73.5989754956131,45.5275448342366,41895,1019912,14087,\P 08h-09h MER. 1 AVRIL AU 1 DEC.,SU-NA-A,0,Réel,297068.813,5043074.5,-73.5989754956131,45.5275448342366,STATIONNEMENT,Le Plateau-Mont-Royal
-73.5995284476479,45.5278008079595,41891,1019910,14087,\P 08h-09h MER. 1 AVRIL AU 1 DEC.,SU-NA-A,0,Réel,297025.656,5043103,-73.5995284476479,45.5278008079595,STATIONNEMENT,Le Plateau-Mont-Royal
-73.5932565451041,45.5255969948485,186103,1019415,11,\A EN TOUT TEMPS,AD-TT,3,Réel,297515.281,5042857.5,-73.5932565451041,45.5255969948485,STATIONNEMENT,Le Plateau-Mont-Royal
-73.5932565451041,45.5255969948485,186103,1019416,1589,\P RESERVE S3R 09h-23h,R-PF,2,Réel,297515.281,5042857.5,-73.5932565451041,45.5255969948485,STATIONNEMENT,Le Plateau-Mont-Royal
-73.5932565451041,45.5255969948485,186103,1019417,13972,\P 08h-09h MAR. VEN. 1 AVRIL AU 1 DEC.,SB-VA-A,0,Réel,297515.281,5042857.5,-73.5932565451041,45.5255969948485,STATIONNEMENT,Le Plateau-Mont-Royal
-73.5936020200599,45.5271849287457,219080,1017345,11,\A EN TOUT TEMPS,AD-TT,2,Réel,297488.5,5043034,-73.5936020200599,45.5271849287457,STATIONNEMENT,Le Plateau-Mont-Royal
-73.5936020200599,45.5271849287457,219080,1017346,1589,\P RESERVE S3R 09h-23h,R-PF,3,Réel,297488.5,5043034,-73.5936020200599,45.5271849287457,STATIONNEMENT,Le Plateau-Mont-Royal
-73.5935874088956,45.5270589632241,114027,1017343,11,\A EN TOUT TEMPS,AD-TT,3,Réel,297489.625,5043020,-73.5935874088956,45.5270589632241,STATIONNEMENT,Le Plateau-Mont-Royal
-73.5935874088956,45.5270589632241,114027,1017344,14139,\P 18h30-19h30 LUNDI  1 AVRIL AU 1 DEC.,SU-UC-A,0,Réel,297489.625,5043020,-73.5935874088956,45.5270589632241,STATIONNEMENT,Le Plateau-Mont-Royal
-73.5931814468494,45.5271222838412,224394,1017247,11,\A EN TOUT TEMPS,AD-TT,2,Réel,297521.344,5043027,-73.5931814468494,45.5271222838412,STATIONNEMENT,Le Plateau-Mont-Royal
-73.5944172515463,45.5259289819801,36016,1022792,14113,\P 19h-20h MAR. 1 AVRIL AU 1 DEC.,SU-SB-A,0,Réel,297424.656,5042894.5,-73.5944172515463,45.5259289819801,STATIONNEMENT,Le Plateau-Mont-Royal
-73.5944172515463,45.5259289819801,36016,1022793,1589,\P RESERVE S3R 09h-23h,R-PF,2,Réel,297424.656,5042894.5,-73.5944172515463,45.5259289819801,STATIONNEMENT,Le Plateau-Mont-Royal
-73.5948253594211,45.525487722601,36024,997135,14113,\P 19h-20h MAR. 1 AVRIL AU 1 DEC.,SU-SB-A,0,Réel,297392.719,5042845.5,-73.5948253594211,45.525487722601,STATIONNEMENT,Le Plateau-Mont-Royal
-73.592904006858,45.5270010315178,43104,991532,14130,\P 18h-19h LUNDI 1ER AVRIL AU 1ER DEC.,SU-SS-A,0,Réel,297543,5043013.5,-73.592904006858,45.5270010315178,STATIONNEMENT,Le Plateau-Mont-Royal
-73.592904006858,45.5270010315178,43104,991533,1589,\P RESERVE S3R 09h-23h,R-PF,3,Réel,297543,5043013.5,-73.592904006858,45.5270010315178,STATIONNEMENT,Le Plateau-Mont-Royal
-73.5934380996426,45.5272525508853,43095,991535,11,\A EN TOUT TEMPS,AD-TT,3,Réel,297501.313,5043041.5,-73.5934380996426,45.5272525508853,STATIONNEMENT,Le Plateau-Mont-Royal
-73.5926142589162,45.5267276166757,227677,991489,1589,\P RESERVE S3R 09h-23h,R-PF,2,Réel,297565.598,5042983.089,-73.5926142589162,45.5267276166757,STATIONNEMENT,Le Plateau-Mont-Royal
-73.5926142589162,45.5267276166757,227677,991490,11,\A EN TOUT TEMPS,AD-TT,3,Réel,297565.598,5042983.089,-73.5926142589162,45.5267276166757,STATIONNEMENT,Le Plateau-Mont-Royal
-73.5979197993726,45.5268978598106,224919,1006415,13972,\P 08h-09h MAR. VEN. 1 AVRIL AU 1 DEC.,SB-VA-A,0,Réel,297151.188,5043002.5,-73.5979197993726,45.5268978598106,STATIONNEMENT,Le Plateau-Mont-Royal
-73.5992224638408,45.5253400135898,183758,995363,11,\A EN TOUT TEMPS,AD-TT,3,Réel,297049.219,5042829.5,-73.5992224638408,45.5253400135898,STATIONNEMENT,Le Plateau-Mont-Royal
-73.5942938233508,45.524269914765,227949,1000293,11,\A EN TOUT TEMPS,AD-TT,2,Réel,297434.081,5042710.115,-73.5942938233508,45.524269914765,STATIONNEMENT,Le Plateau-Mont-Royal
-73.5933435936809,45.5255024406054,222379,999622,1589,\P RESERVE S3R 09h-23h,R-PF,3,Réel,297508.469,5042847,-73.5933435936809,45.5255024406054,STATIONNEMENT,Le Plateau-Mont-Royal
-73.5956060595316,45.5246592194734,36048,994431,14113,\P 19h-20h MAR. 1 AVRIL AU 1 DEC.,SU-SB-A,0,Réel,297331.625,5042753.5,-73.5956060595316,45.5246592194734,STATIONNEMENT,Le Plateau-Mont-Royal
-73.5969076958292,45.5248290921919,167182,998922,2741,\P 07h-16h LUN. AU VEN.,SV-PJ,2,Réel,297229.969,5042772.5,-73.5969076958292,45.5248290921919,STATIONNEMENT,Le Plateau-Mont-Royal
-73.5910762445305,45.527573901285,36628,993612,1642,\P RESERVE S3R 09h30-23h     (2 SECTEURS),R-RA-2S,3,Réel,297685.844,5043077,-73.5910762445305,45.527573901285,STATIONNEMENT,Le Plateau-Mont-Royal
-73.5937561031289,45.5250566822188,219071,968939,11,\A EN TOUT TEMPS,AD-TT,3,Réel,297476.188,5042797.5,-73.5937561031289,45.5250566822188,STATIONNEMENT,Le Plateau-Mont-Royal
-73.5937561031289,45.5250566822188,219071,968940,13972,\P 08h-09h MAR. VEN. 1 AVRIL AU 1 DEC.,SB-VA-A,0,Réel,297476.188,5042797.5,-73.5937561031289,45.5250566822188,STATIONNEMENT,Le Plateau-Mont-Royal
-73.595207004643,45.525959820873,222931,979576,2728,\P 07h-18h LUN. AU VEN.,SV-OC,3,Réel,297362.969,5042898,-73.595207004643,45.525959820873,STATIONNEMENT,Le Plateau-Mont-Royal
-73.5996509754938,45.5251461750813,24331,967594,13823,\P 08h-09h LUN. JEU. 1 AVRIL AU 1 DEC.,SB-JA-A,0,Réel,297015.719,5042808,-73.5996509754938,45.5251461750813,STATIONNEMENT,Le Plateau-Mont-Royal
-73.5981082760793,45.5266952342539,226574,973117,13972,\P 08h-09h MAR. VEN. 1 AVRIL AU 1 DEC.,SB-VA-A,0,Réel,297136.438,5042980,-73.5981082760793,45.5266952342539,STATIONNEMENT,Le Plateau-Mont-Royal
-73.59356460169,45.5273019384982,224875,965769,1589,\P RESERVE S3R 09h-23h,R-PF,2,Réel,297491.438,5043047,-73.59356460169,45.5273019384982,STATIONNEMENT,Le Plateau-Mont-Royal
-73.5990894953718,45.5254796041325,24384,977680,13972,\P 08h-09h MAR. VEN. 1 AVRIL AU 1 DEC.,SB-VA-A,0,Réel,297059.625,5042845,-73.5990894953718,45.5254796041325,STATIONNEMENT,Le Plateau-Mont-Royal
-73.5959000033118,45.5243710243939,72877,977393,2413,\P EN TOUT TEMPS,SD-TT,3,Réel,297308.625,5042721.5,-73.5959000033118,45.5243710243939,STATIONNEMENT,Le Plateau-Mont-Royal
-73.590744290535,45.5276326550098,221874,976455,1263,P 60 min 09h-21h,PD-JG,2,Réel,297711.781,5043083.5,-73.590744290535,45.5276326550098,STATIONNEMENT,Le Plateau-Mont-Royal
-73.5912627520206,45.5278706993495,36625,976453,1263,P 60 min 09h-21h,PD-JG,3,Réel,297671.313,5043110,-73.5912627520206,45.5278706993495,STATIONNEMENT,Le Plateau-Mont-Royal
-73.5925184443935,45.5253501391673,35302,976387,14036,\P 12h-13h JEU. 1 AVRIL AU 1 DEC.,SU-JJ-A,0,Réel,297572.906,5042830,-73.5925184443935,45.5253501391673,STATIONNEMENT,Le Plateau-Mont-Royal
-73.5925184443935,45.5253501391673,35302,976388,1589,\P RESERVE S3R 09h-23h,R-PF,3,Réel,297572.906,5042830,-73.5925184443935,45.5253501391673,STATIONNEMENT,Le Plateau-Mont-Royal
-73.5933643790509,45.5257318826849,35253,976384,14036,\P 12h-13h JEU. 1 AVRIL AU 1 DEC.,SU-JJ-A,0,Réel,297506.875,5042872.5,-73.5933643790509,45.5257318826849,STATIONNEMENT,Le Plateau-Mont-Royal
-73.5926399378938,45.5255255094067,35293,976381,14077,\P 12h30-13h30 MAR. 1 AVRIL AU 1 DEC.,SU-MK-A,0,Réel,297563.438,5042849.5,-73.5926399378938,45.5255255094067,STATIONNEMENT,Le Plateau-Mont-Royal
-73.5926399378938,45.5255255094067,35293,976382,1696,\P RESERVE VEHICULES DE LA VILLE,R-VA,3,Réel,297563.438,5042849.5,-73.5926399378938,45.5255255094067,STATIONNEMENT,Le Plateau-Mont-Royal
-73.5924570293188,45.5254716672249,35311,976378,14077,\P 12h30-13h30 MAR. 1 AVRIL AU 1 DEC.,SU-MK-A,0,Réel,297577.719,5042843.5,-73.5924570293188,45.5254716672249,STATIONNEMENT,Le Plateau-Mont-Royal
-73.5924570293188,45.5254716672249,35311,976379,1696,\P RESERVE VEHICULES DE LA VILLE,R-VA,2,Réel,297577.719,5042843.5,-73.5924570293188,45.5254716672249,STATIONNEMENT,Le Plateau-Mont-Royal
-73.5927470644453,45.5269291719081,43105,975761,11,\A EN TOUT TEMPS,AD-TT,3,Réel,297555.25,5043005.5,-73.5927470644453,45.5269291719081,STATIONNEMENT,Le Plateau-Mont-Royal
-73.5927470644453,45.5269291719081,43105,975762,1589,\P RESERVE S3R 09h-23h,R-PF,2,Réel,297555.25,5043005.5,-73.5927470644453,45.5269291719081,STATIONNEMENT,Le Plateau-Mont-Royal
-73.5909416576276,45.5277179827741,36629,956897,14178,\P 07h-08h LUN. AU VEN. 1 AVRIL AU 1 DEC.,SV-AD-A,0,Réel,297696.375,5043093,-73.5909416576276,45.5277179827741,STATIONNEMENT,Le Plateau-Mont-Royal
-73.5947476575667,45.5276939951248,224877,949936,1589,\P RESERVE S3R 09h-23h,R-PF,2,Réel,297399.078,5043090.678,-73.5947476575667,45.5276939951248,STATIONNEMENT,Le Plateau-Mont-Royal
-73.5947476575667,45.5276939951248,224877,949937,14153,\P 18h30-19h30 MAR. 1 AVRIL AU 1 DEC.,SU-UR-A,0,Réel,297399.078,5043090.678,-73.5947476575667,45.5276939951248,STATIONNEMENT,Le Plateau-Mont-Royal
-73.5943198555488,45.527499129047,224876,949931,2413,\P EN TOUT TEMPS,SD-TT,2,Réel,297432.469,5043068.983,-73.5943198555488,45.527499129047,STATIONNEMENT,Le Plateau-Mont-Royal
-73.5943198555488,45.527499129047,224876,949932,1589,\P RESERVE S3R 09h-23h,R-PF,3,Réel,297432.469,5043068.983,-73.5943198555488,45.527499129047,STATIONNEMENT,Le Plateau-Mont-Royal
-73.5940343952407,45.5273690406796,43089,950503,2413,\P EN TOUT TEMPS,SD-TT,3,Réel,297454.75,5043054.5,-73.5940343952407,45.5273690406796,STATIONNEMENT,Le Plateau-Mont-Royal
-73.5940343952407,45.5273690406796,43089,950504,1589,\P RESERVE S3R 09h-23h,R-PF,2,Réel,297454.75,5043054.5,-73.5940343952407,45.5273690406796,STATIONNEMENT,Le Plateau-Mont-Royal
-73.5940343952407,45.5273690406796,43089,950505,14153,\P 18h30-19h30 MAR. 1 AVRIL AU 1 DEC.,SU-UR-A,0,Réel,297454.75,5043054.5,-73.5940343952407,45.5273690406796,STATIONNEMENT,Le Plateau-Mont-Royal
-73.5943401512526,45.5276702347011,43085,949918,2413,\P EN TOUT TEMPS,SD-TT,2,Réel,297430.906,5043088,-73.5943401512526,45.5276702347011,STATIONNEMENT,Le Plateau-Mont-Royal
-73.5943401512526,45.5276702347011,43085,949919,1589,\P RESERVE S3R 09h-23h,R-PF,3,Réel,297430.906,5043088,-73.5943401512526,45.5276702347011,STATIONNEMENT,Le Plateau-Mont-Royal
-73.5938462613331,45.5267794137573,224874,950444,1589,\P RESERVE S3R 09h-23h,R-PF,2,Réel,297469.369,5042988.957,-73.5938462613331,45.5267794137573,STATIONNEMENT,Le Plateau-Mont-Royal
-73.5938462613331,45.5267794137573,224874,950445,14139,\P 18h30-19h30 LUNDI  1 AVRIL AU 1 DEC.,SU-UC-A,0,Réel,297469.369,5042988.957,-73.5938462613331,45.5267794137573,STATIONNEMENT,Le Plateau-Mont-Royal
-73.5936293686732,45.5267934762563,114002,949910,14113,\P 19h-20h MAR. 1 AVRIL AU 1 DEC.,SU-SB-A,0,Réel,297486.313,5042990.5,-73.5936293686732,45.5267934762563,STATIONNEMENT,Le Plateau-Mont-Royal
-73.5985900239226,45.525588017038,72876,944169,14180,\P 08h-09h LUN. AU VEN. 1 AVRIL AU 1 DEC.,SV-AF-A,0,Réel,297098.656,5042857,-73.5985900239226,45.525588017038,STATIONNEMENT,Le Plateau-Mont-Royal
-73.5960733565063,45.5244518642998,72862,944158,14180,\P 08h-09h LUN. AU VEN. 1 AVRIL AU 1 DEC.,SV-AF-A,0,Réel,297295.094,5042730.5,-73.5960733565063,45.5244518642998,STATIONNEMENT,Le Plateau-Mont-Royal
-73.5941232099641,45.5247324380756,166083,955313,14036,\P 12h-13h JEU. 1 AVRIL AU 1 DEC.,SU-JJ-A,0,Réel,297447.469,5042761.5,-73.5941232099641,45.5247324380756,STATIONNEMENT,Le Plateau-Mont-Royal
-73.5977585964161,45.5245989080711,20709,960346,1589,\P RESERVE S3R 09h-23h,R-PF,0,Réel,297163.469,5042747,-73.5977585964161,45.5245989080711,STATIONNEMENT,Le Plateau-Mont-Royal
-73.5991618713328,45.5252365846585,149877,960344,2439,\P LIVRAISON SEULEMENT 08h-16h LUN. AU VEN.,SL-JB,2,Réel,297053.938,5042818,-73.5991618713328,45.5252365846585,STATIONNEMENT,Le Plateau-Mont-Royal
-73.5998561277298,45.5255554229137,20558,960343,14227,\P EXCEPTE S3R 16h-3h,R-XI,2,Réel,296999.75,5042853.5,-73.5998561277298,45.5255554229137,STATIONNEMENT,Le Plateau-Mont-Royal
-73.594455616022,45.5261494109191,36014,954802,11,\A EN TOUT TEMPS,AD-TT,3,Réel,297421.688,5042919,-73.594455616022,45.5261494109191,STATIONNEMENT,Le Plateau-Mont-Royal
-73.594455616022,45.5261494109191,36014,954803,1622,\P RESERVE S3R          (EN TOUT TEMPS),R-QG,2,Réel,297421.688,5042919,-73.594455616022,45.5261494109191,STATIONNEMENT,Le Plateau-Mont-Royal
-73.5944849522369,45.5261078950637,225145,954754,1622,\P RESERVE S3R          (EN TOUT TEMPS),R-QG,3,Réel,297419.391,5042914.389,-73.5944849522369,45.5261078950637,STATIONNEMENT,Le Plateau-Mont-Royal
-73.5944849522369,45.5261078950637,225145,954755,14139,\P 18h30-19h30 LUNDI  1 AVRIL AU 1 DEC.,SU-UC-A,2,Réel,297419.391,5042914.389,-73.5944849522369,45.5261078950637,STATIONNEMENT,Le Plateau-Mont-Royal
-73.5990010979387,45.5241209229727,34118,942334,15845,\P 17H-18H30 LUN. JEU. 1 AVRIL AU 1 DEC.,SB-WD-A,0,Réel,297066.344,5042694,-73.5990010979387,45.5241209229727,STATIONNEMENT,Le Plateau-Mont-Royal
-73.5990010979387,45.5241209229727,34118,942335,1589,\P RESERVE S3R 09h-23h,R-PF,0,Réel,297066.344,5042694,-73.5990010979387,45.5241209229727,STATIONNEMENT,Le Plateau-Mont-Royal
-73.5995968432573,45.5243948562158,34114,942332,15845,\P 17H-18H30 LUN. JEU. 1 AVRIL AU 1 DEC.,SB-WD-A,0,Réel,297019.844,5042724.5,-73.5995968432573,45.5243948562158,STATIONNEMENT,Le Plateau-Mont-Royal
-73.5995968432573,45.5243948562158,34114,942333,1589,\P RESERVE S3R 09h-23h,R-PF,2,Réel,297019.844,5042724.5,-73.5995968432573,45.5243948562158,STATIONNEMENT,Le Plateau-Mont-Royal
-73.5907877995389,45.5250905742605,219409,953713,1696,\P RESERVE VEHICULES DE LA VILLE,R-VA,2,Réel,297708.063,5042801,-73.5907877995389,45.5250905742605,STATIONNEMENT,Le Plateau-Mont-Royal
-73.5907877995389,45.5250905742605,219409,953715,1656,\P RESERVE S3R 16h-23h,R-RL,3,Réel,297708.063,5042801,-73.5907877995389,45.5250905742605,STATIONNEMENT,Le Plateau-Mont-Royal
-73.5985957526868,45.5249761212136,220023,963861,1762,\P RESERVE DEBARCADERE HANDICAPES EN TOUT TEMPS,RD-TT,2,Réel,297098.125,5042789,-73.5985957526868,45.5249761212136,STATIONNEMENT,Le Plateau-Mont-Royal
-73.5903690021379,45.5263731775595,163167,951585,2742,\P 07h-17h LUN. AU VEN.,SV-PK,3,Réel,297740.938,5042943.5,-73.5903690021379,45.5263731775595,STATIONNEMENT,Le Plateau-Mont-Royal
-73.5903690021379,45.5263731775595,163167,951586,14037,\P 12h30-13h30 JEU. 1 AVRIL AU 1 DEC.,SU-JK-A,0,Réel,297740.938,5042943.5,-73.5903690021379,45.5263731775595,STATIONNEMENT,Le Plateau-Mont-Royal
-73.5903690021379,45.5263731775595,163167,951587,1425,P 60 min 08h-19h LUN. AU VEN.,PV-JE,2,Réel,297740.938,5042943.5,-73.5903690021379,45.5263731775595,STATIONNEMENT,Le Plateau-Mont-Royal
-73.5902120575031,45.5262968152641,216390,951582,11,\A EN TOUT TEMPS,AD-TT,2,Réel,297753.188,5042935,-73.5902120575031,45.5262968152641,STATIONNEMENT,Le Plateau-Mont-Royal
-73.5902120575031,45.5262968152641,216390,951583,1425,P 60 min 08h-19h LUN. AU VEN.,PV-JE,3,Réel,297753.188,5042935,-73.5902120575031,45.5262968152641,STATIONNEMENT,Le Plateau-Mont-Royal
-73.5983882095696,45.5263980465131,220035,951358,13972,\P 08h-09h MAR. VEN. 1 AVRIL AU 1 DEC.,SB-VA-A,0,Réel,297114.531,5042947,-73.5983882095696,45.5263980465131,STATIONNEMENT,Le Plateau-Mont-Royal
-73.5987963387762,45.525926268408,224917,951391,13972,\P 08h-09h MAR. VEN. 1 AVRIL AU 1 DEC.,SB-VA-A,0,Réel,297082.586,5042894.61,-73.5987963387762,45.525926268408,STATIONNEMENT,Le Plateau-Mont-Royal
-73.5987963387762,45.525926268408,224917,951392,11,\A EN TOUT TEMPS,AD-TT,3,Réel,297082.586,5042894.61,-73.5987963387762,45.525926268408,STATIONNEMENT,Le Plateau-Mont-Royal
-73.5996053524176,45.5249077573853,24421,933358,13972,\P 08h-09h MAR. VEN. 1 AVRIL AU 1 DEC.,SB-VA-A,0,Réel,297019.25,5042781.5,-73.5996053524176,45.5249077573853,STATIONNEMENT,Le Plateau-Mont-Royal
-73.5981068274103,45.5265467620107,219084,933319,11,\A EN TOUT TEMPS,AD-TT,2,Réel,297136.531,5042963.5,-73.5981068274103,45.5265467620107,STATIONNEMENT,Le Plateau-Mont-Royal
-73.591349017302,45.5262914125291,43116,933256,14039,\P 13h30-14h30 JEU. 1 AVRIL AU 1 DEC.,SU-JM-A,0,Réel,297664.375,5042934.5,-73.591349017302,45.5262914125291,STATIONNEMENT,Le Plateau-Mont-Royal
-73.591349017302,45.5262914125291,43116,933257,1589,\P RESERVE S3R 09h-23h,R-PF,2,Réel,297664.375,5042934.5,-73.591349017302,45.5262914125291,STATIONNEMENT,Le Plateau-Mont-Royal
-73.5981366195493,45.524589585543,20699,933217,14094,\P 09h-10h MER. 1 AVRIL AU 1 DEC.,SU-NC-A,0,Réel,297133.938,5042746,-73.5981366195493,45.524589585543,STATIONNEMENT,Le Plateau-Mont-Royal
-73.5981366195493,45.524589585543,20699,933218,1589,\P RESERVE S3R 09h-23h,R-PF,3,Réel,297133.938,5042746,-73.5981366195493,45.524589585543,STATIONNEMENT,Le Plateau-Mont-Royal
-73.5985085608942,45.5247557357359,20697,933215,14094,\P 09h-10h MER. 1 AVRIL AU 1 DEC.,SU-NC-A,0,Réel,297104.906,5042764.5,-73.5985085608942,45.5247557357359,STATIONNEMENT,Le Plateau-Mont-Royal
-73.5985085608942,45.5247557357359,20697,933216,1589,\P RESERVE S3R 09h-23h,R-PF,0,Réel,297104.906,5042764.5,-73.5985085608942,45.5247557357359,STATIONNEMENT,Le Plateau-Mont-Royal
-73.5990190197823,45.5249892526961,20694,933212,14094,\P 09h-10h MER. 1 AVRIL AU 1 DEC.,SU-NC-A,0,Réel,297065.063,5042790.5,-73.5990190197823,45.5249892526961,STATIONNEMENT,Le Plateau-Mont-Royal
-73.5990190197823,45.5249892526961,20694,933213,1589,\P RESERVE S3R 09h-23h,R-PF,2,Réel,297065.063,5042790.5,-73.5990190197823,45.5249892526961,STATIONNEMENT,Le Plateau-Mont-Royal
-73.5990190197823,45.5249892526961,20694,933214,1762,\P RESERVE DEBARCADERE HANDICAPES EN TOUT TEMPS,RD-TT,3,Réel,297065.063,5042790.5,-73.5990190197823,45.5249892526961,STATIONNEMENT,Le Plateau-Mont-Royal
-73.5908395053291,45.5254009777935,216740,926994,11,\A EN TOUT TEMPS,AD-TT,0,Réel,297704.063,5042835.5,-73.5908395053291,45.5254009777935,STATIONNEMENT,Le Plateau-Mont-Royal
-73.5901218468406,45.5246636777875,127068,933005,14039,\P 13h30-14h30 JEU. 1 AVRIL AU 1 DEC.,SU-JM-A,0,Réel,297760.031,5042753.5,-73.5901218468406,45.5246636777875,STATIONNEMENT,Le Plateau-Mont-Royal
-73.5901218468406,45.5246636777875,127068,933006,1589,\P RESERVE S3R 09h-23h,R-PF,3,Réel,297760.031,5042753.5,-73.5901218468406,45.5246636777875,STATIONNEMENT,Le Plateau-Mont-Royal
-73.5936543704937,45.5249802793067,172450,932374,13823,\P 08h-09h LUN. JEU. 1 AVRIL AU 1 DEC.,SB-JA-A,0,Réel,297484.125,5042789,-73.5936543704937,45.5249802793067,STATIONNEMENT,Le Plateau-Mont-Royal
-73.5944197770447,45.5243317646888,21443,932372,13972,\P 08h-09h MAR. VEN. 1 AVRIL AU 1 DEC.,SB-VA-A,0,Réel,297424.25,5042717,-73.5944197770447,45.5243317646888,STATIONNEMENT,Le Plateau-Mont-Royal
-73.5976199412546,45.5251524279956,72872,932049,2709,\P 08h-19h LUN. AU VEN.,SV-JD,2,Réel,297174.375,5042808.5,-73.5976199412546,45.5251524279956,STATIONNEMENT,Le Plateau-Mont-Royal
-73.5976199412546,45.5251524279956,72872,932050,14180,\P 08h-09h LUN. AU VEN. 1 AVRIL AU 1 DEC.,SV-AF-A,0,Réel,297174.375,5042808.5,-73.5976199412546,45.5251524279956,STATIONNEMENT,Le Plateau-Mont-Royal
-73.5939561696418,45.5248360571426,129830,931974,13972,\P 08h-09h MAR. VEN. 1 AVRIL AU 1 DEC.,SB-VA-A,0,Réel,297460.531,5042773,-73.5939561696418,45.5248360571426,STATIONNEMENT,Le Plateau-Mont-Royal
-73.5939561696418,45.5248360571426,129830,931975,1589,\P RESERVE S3R 09h-23h,R-PF,2,Réel,297460.531,5042773,-73.5939561696418,45.5248360571426,STATIONNEMENT,Le Plateau-Mont-Royal
-73.5968492491826,45.5248021465712,167183,925578,2741,\P 07h-16h LUN. AU VEN.,SV-PJ,3,Réel,297234.531,5042769.5,-73.5968492491826,45.5248021465712,STATIONNEMENT,Le Plateau-Mont-Royal
-73.596696293591,45.5258910819652,23967,925370,14113,\P 19h-20h MAR. 1 AVRIL AU 1 DEC.,SU-SB-A,0,Réel,297246.625,5042890.5,-73.596696293591,45.5258910819652,STATIONNEMENT,Le Plateau-Mont-Royal
-73.596696293591,45.5258910819652,23967,925371,1589,\P RESERVE S3R 09h-23h,R-PF,0,Réel,297246.625,5042890.5,-73.596696293591,45.5258910819652,STATIONNEMENT,Le Plateau-Mont-Royal
-73.5991579677123,45.5243772412245,34116,930542,32,\A 07h30-09h30 LUN. AU VEN.,AV-AG,0,Réel,297054.125,5042722.5,-73.5991579677123,45.5243772412245,STATIONNEMENT,Le Plateau-Mont-Royal
-73.5991579677123,45.5243772412245,34116,930543,1594,\P RESERVE S3R 17h-23h,R-PJ,2,Réel,297054.125,5042722.5,-73.5991579677123,45.5243772412245,STATIONNEMENT,Le Plateau-Mont-Royal
-73.5996199919097,45.5245928007546,222490,930538,32,\A 07h30-09h30 LUN. AU VEN.,AV-AG,0,Réel,297018.063,5042746.5,-73.5996199919097,45.5245928007546,STATIONNEMENT,Le Plateau-Mont-Royal
-73.5996199919097,45.5245928007546,222490,930539,1594,\P RESERVE S3R 17h-23h,R-PJ,3,Réel,297018.063,5042746.5,-73.5996199919097,45.5245928007546,STATIONNEMENT,Le Plateau-Mont-Royal
-73.5979138368312,45.5264569436604,23961,918417,14113,\P 19h-20h MAR. 1 AVRIL AU 1 DEC.,SU-SB-A,0,Réel,297151.594,5042953.5,-73.5979138368312,45.5264569436604,STATIONNEMENT,Le Plateau-Mont-Royal
-73.5956502403346,45.52523507982,23973,918411,14136,\P 18h30-19h30 JEUDI  1 AVRIL AU 1 DEC.,SU-SY-A,0,Réel,297328.25,5042817.5,-73.5956502403346,45.52523507982,STATIONNEMENT,Le Plateau-Mont-Royal
-73.5978090663291,45.5262500703629,156600,918395,14136,\P 18h30-19h30 JEUDI  1 AVRIL AU 1 DEC.,SU-SY-A,0,Réel,297159.75,5042930.5,-73.5978090663291,45.5262500703629,STATIONNEMENT,Le Plateau-Mont-Royal
-73.5932710092275,45.5253945191535,129844,939337,13823,\P 08h-09h LUN. JEU. 1 AVRIL AU 1 DEC.,SB-JA-A,0,Réel,297514.125,5042835,-73.5932710092275,45.5253945191535,STATIONNEMENT,Le Plateau-Mont-Royal
-73.5932710092275,45.5253945191535,129844,939338,1656,\P RESERVE S3R 16h-23h,R-RL,3,Réel,297514.125,5042835,-73.5932710092275,45.5253945191535,STATIONNEMENT,Le Plateau-Mont-Royal
-73.5977058111905,45.5273839562264,218430,939305,2413,\P EN TOUT TEMPS,SD-TT,3,Réel,297167.969,5043056.5,-73.5977058111905,45.5273839562264,STATIONNEMENT,Le Plateau-Mont-Royal
-73.5977058111905,45.5273839562264,218430,939306,13823,\P 08h-09h LUN. JEU. 1 AVRIL AU 1 DEC.,SB-JA-A,0,Réel,297167.969,5043056.5,-73.5977058111905,45.5273839562264,STATIONNEMENT,Le Plateau-Mont-Royal
-73.5987144673541,45.5262897843197,98810,939295,13823,\P 08h-09h LUN. JEU. 1 AVRIL AU 1 DEC.,SB-JA-A,0,Réel,297089.031,5042935,-73.5987144673541,45.5262897843197,STATIONNEMENT,Le Plateau-Mont-Royal
-73.5987144673541,45.5262897843197,98810,939296,2439,\P LIVRAISON SEULEMENT 08h-16h LUN. AU VEN.,SL-JB,3,Réel,297089.031,5042935,-73.5987144673541,45.5262897843197,STATIONNEMENT,Le Plateau-Mont-Royal
-73.594054856264,45.5245210320626,129846,939215,2426,\P 08h-17h LUN A VEN SEPT A JUIN,SE-JC,2,Réel,297452.781,5042738,-73.594054856264,45.5245210320626,STATIONNEMENT,Le Plateau-Mont-Royal
-73.594054856264,45.5245210320626,129846,939216,13823,\P 08h-09h LUN. JEU. 1 AVRIL AU 1 DEC.,SB-JA-A,0,Réel,297452.781,5042738,-73.594054856264,45.5245210320626,STATIONNEMENT,Le Plateau-Mont-Royal
-73.5958736175717,45.5246185024465,219072,910140,11,\A EN TOUT TEMPS,AD-TT,2,Réel,297310.719,5042749,-73.5958736175717,45.5246185024465,STATIONNEMENT,Le Plateau-Mont-Royal
-73.5958736175717,45.5246185024465,219072,910141,14139,\P 18h30-19h30 LUNDI  1 AVRIL AU 1 DEC.,SU-UC-A,0,Réel,297310.719,5042749,-73.5958736175717,45.5246185024465,STATIONNEMENT,Le Plateau-Mont-Royal
-73.5971805931781,45.5241719774113,52509,908958,1589,\P RESERVE S3R 09h-23h,R-PF,0,Réel,297208.563,5042699.5,-73.5971805931781,45.5241719774113,STATIONNEMENT,Le Plateau-Mont-Royal
-73.5973578447141,45.5244192823948,20704,908955,1589,\P RESERVE S3R 09h-23h,R-PF,2,Réel,297194.75,5042727,-73.5973578447141,45.5244192823948,STATIONNEMENT,Le Plateau-Mont-Royal
-73.594132904002,45.5264691202782,222751,913346,14139,\P 18h30-19h30 LUNDI  1 AVRIL AU 1 DEC.,SU-UC-A,0,Réel,297446.938,5042954.5,-73.594132904002,45.5264691202782,STATIONNEMENT,Le Plateau-Mont-Royal
-73.594132904002,45.5264691202782,222751,913347,1589,\P RESERVE S3R 09h-23h,R-PF,3,Réel,297446.938,5042954.5,-73.594132904002,45.5264691202782,STATIONNEMENT,Le Plateau-Mont-Royal
-73.594132904002,45.5264691202782,222751,913348,9348,P 15 min.  7h - 18h,PD-JJ,2,Réel,297446.938,5042954.5,-73.594132904002,45.5264691202782,STATIONNEMENT,Le Plateau-Mont-Royal
-73.5956100977238,45.5253880861444,23957,918414,14113,\P 19h-20h MAR. 1 AVRIL AU 1 DEC.,SU-SB-A,0,Réel,297331.406,5042834.5,-73.5956100977238,45.5253880861444,STATIONNEMENT,Le Plateau-Mont-Royal
-73.5971611243916,45.5261066490074,23965,913299,1589,\P RESERVE S3R 09h-23h,R-PF,0,Réel,297210.344,5042914.5,-73.5971611243916,45.5261066490074,STATIONNEMENT,Le Plateau-Mont-Royal
-73.5971611243916,45.5261066490074,23965,913298,14113,\P 19h-20h MAR. 1 AVRIL AU 1 DEC.,SU-SB-A,0,Réel,297210.344,5042914.5,-73.5971611243916,45.5261066490074,STATIONNEMENT,Le Plateau-Mont-Royal
-73.5981388107144,45.525385941685,72874,913154,2457,\P LIVRAISON SEULEMENT 09h-18h LUN. AU VEN.,SL-OA,3,Réel,297133.875,5042834.5,-73.5981388107144,45.525385941685,STATIONNEMENT,Le Plateau-Mont-Royal
-73.5960610210942,45.5254326998179,23975,913134,14136,\P 18h30-19h30 JEUDI  1 AVRIL AU 1 DEC.,SU-SY-A,0,Réel,297296.188,5042839.5,-73.5960610210942,45.5254326998179,STATIONNEMENT,Le Plateau-Mont-Royal
-73.5964842069528,45.5256213094602,23977,918408,14136,\P 18h30-19h30 JEUDI  1 AVRIL AU 1 DEC.,SU-SY-A,0,Réel,297263.156,5042860.5,-73.5964842069528,45.5256213094602,STATIONNEMENT,Le Plateau-Mont-Royal
-73.5967904901963,45.5257650246686,23979,913131,14136,\P 18h30-19h30 JEUDI  1 AVRIL AU 1 DEC.,SU-SY-A,0,Réel,297239.25,5042876.5,-73.5967904901963,45.5257650246686,STATIONNEMENT,Le Plateau-Mont-Royal
-73.5967904901963,45.5257650246686,23979,913132,2413,\P EN TOUT TEMPS,SD-TT,3,Réel,297239.25,5042876.5,-73.5967904901963,45.5257650246686,STATIONNEMENT,Le Plateau-Mont-Royal
-73.5985673555438,45.5265868583361,219103,913119,11,\A EN TOUT TEMPS,AD-TT,2,Réel,297100.563,5042968,-73.5985673555438,45.5265868583361,STATIONNEMENT,Le Plateau-Mont-Royal
-73.5985673555438,45.5265868583361,219103,913120,1589,\P RESERVE S3R 09h-23h,R-PF,3,Réel,297100.563,5042968,-73.5985673555438,45.5265868583361,STATIONNEMENT,Le Plateau-Mont-Royal
-73.5988880721544,45.5267350546378,34917,913117,14136,\P 18h30-19h30 JEUDI  1 AVRIL AU 1 DEC.,SU-SY-A,0,Réel,297075.531,5042984.5,-73.5988880721544,45.5267350546378,STATIONNEMENT,Le Plateau-Mont-Royal
-73.5988880721544,45.5267350546378,34917,913118,1589,\P RESERVE S3R 09h-23h,R-PF,2,Réel,297075.531,5042984.5,-73.5988880721544,45.5267350546378,STATIONNEMENT,Le Plateau-Mont-Royal
-73.5988711501433,45.5268970403571,34918,913115,14113,\P 19h-20h MAR. 1 AVRIL AU 1 DEC.,SU-SB-A,0,Réel,297076.875,5043002.5,-73.5988711501433,45.5268970403571,STATIONNEMENT,Le Plateau-Mont-Royal
-73.5988711501433,45.5268970403571,34918,913116,1589,\P RESERVE S3R 09h-23h,R-PF,3,Réel,297076.875,5043002.5,-73.5988711501433,45.5268970403571,STATIONNEMENT,Le Plateau-Mont-Royal
-73.5974115728286,45.5277351447912,35183,922327,2725,\P 08h-20h   LUN A VEN,SV-JU,2,Réel,297191,5043095.5,-73.5974115728286,45.5277351447912,STATIONNEMENT,Le Plateau-Mont-Royal
-73.5972129770139,45.5276408308594,35191,922325,2725,\P 08h-20h   LUN A VEN,SV-JU,3,Réel,297206.5,5043085,-73.5972129770139,45.5276408308594,STATIONNEMENT,Le Plateau-Mont-Royal
-73.5972129770139,45.5276408308594,35191,922326,14113,\P 19h-20h MAR. 1 AVRIL AU 1 DEC.,SU-SB-A,0,Réel,297206.5,5043085,-73.5972129770139,45.5276408308594,STATIONNEMENT,Le Plateau-Mont-Royal
-73.5978933467339,45.5277887232935,35178,922313,2413,\P EN TOUT TEMPS,SD-TT,2,Réel,297153.375,5043101.5,-73.5978933467339,45.5277887232935,STATIONNEMENT,Le Plateau-Mont-Royal
-73.5978933467339,45.5277887232935,35178,922314,14139,\P 18h30-19h30 LUNDI  1 AVRIL AU 1 DEC.,SU-UC-A,0,Réel,297153.375,5043101.5,-73.5978933467339,45.5277887232935,STATIONNEMENT,Le Plateau-Mont-Royal
-73.5982240541124,45.5279369128662,35173,922315,2725,\P 08h-20h   LUN A VEN,SV-JU,3,Réel,297127.563,5043118,-73.5982240541124,45.5279369128662,STATIONNEMENT,Le Plateau-Mont-Royal
-73.5982240541124,45.5279369128662,35173,922316,14139,\P 18h30-19h30 LUNDI  1 AVRIL AU 1 DEC.,SU-UC-A,0,Réel,297127.563,5043118,-73.5982240541124,45.5279369128662,STATIONNEMENT,Le Plateau-Mont-Royal
-73.5922822611274,45.5272174968994,160576,908008,14037,\P 12h30-13h30 JEU. 1 AVRIL AU 1 DEC.,SU-JK-A,0,Réel,297591.594,5043037.5,-73.5922822611274,45.5272174968994,STATIONNEMENT,Le Plateau-Mont-Royal
-73.5922822611274,45.5272174968994,160576,908009,1589,\P RESERVE S3R 09h-23h,R-PF,0,Réel,297591.594,5043037.5,-73.5922822611274,45.5272174968994,STATIONNEMENT,Le Plateau-Mont-Royal
-73.5924344092986,45.5270509036281,19030,908004,2413,\P EN TOUT TEMPS,SD-TT,3,Réel,297579.688,5043019,-73.5924344092986,45.5270509036281,STATIONNEMENT,Le Plateau-Mont-Royal
-73.5924344092986,45.5270509036281,19030,908005,14077,\P 12h30-13h30 MAR. 1 AVRIL AU 1 DEC.,SU-MK-A,0,Réel,297579.688,5043019,-73.5924344092986,45.5270509036281,STATIONNEMENT,Le Plateau-Mont-Royal
-73.5924344092986,45.5270509036281,19030,908006,1589,\P RESERVE S3R 09h-23h,R-PF,2,Réel,297579.688,5043019,-73.5924344092986,45.5270509036281,STATIONNEMENT,Le Plateau-Mont-Royal
-73.5934591156765,45.5252008999121,41935,907996,1656,\P RESERVE S3R 16h-23h,R-RL,0,Réel,297499.406,5042813.5,-73.5934591156765,45.5252008999121,STATIONNEMENT,Le Plateau-Mont-Royal
-73.5906566397839,45.5266159062691,20856,907929,14077,\P 12h30-13h30 MAR. 1 AVRIL AU 1 DEC.,SU-MK-A,0,Réel,297718.5,5042970.5,-73.5906566397839,45.5266159062691,STATIONNEMENT,Le Plateau-Mont-Royal
-73.5906566397839,45.5266159062691,20856,907930,1589,\P RESERVE S3R 09h-23h,R-PF,2,Réel,297718.5,5042970.5,-73.5906566397839,45.5266159062691,STATIONNEMENT,Le Plateau-Mont-Royal
-73.5910701804658,45.5267910459935,20850,907927,14077,\P 12h30-13h30 MAR. 1 AVRIL AU 1 DEC.,SU-MK-A,0,Réel,297686.219,5042990,-73.5910701804658,45.5267910459935,STATIONNEMENT,Le Plateau-Mont-Royal
-73.5910701804658,45.5267910459935,20850,907928,1589,\P RESERVE S3R 09h-23h,R-PF,3,Réel,297686.219,5042990,-73.5910701804658,45.5267910459935,STATIONNEMENT,Le Plateau-Mont-Royal
-73.5909190856059,45.5266201968841,20854,907925,14037,\P 12h30-13h30 JEU. 1 AVRIL AU 1 DEC.,SU-JK-A,0,Réel,297698,5042971,-73.5909190856059,45.5266201968841,STATIONNEMENT,Le Plateau-Mont-Royal
-73.5909190856059,45.5266201968841,20854,907926,1594,\P RESERVE S3R 17h-23h,R-PJ,3,Réel,297698,5042971,-73.5909190856059,45.5266201968841,STATIONNEMENT,Le Plateau-Mont-Royal
-73.5916044828951,45.5269255946726,20846,907920,14037,\P 12h30-13h30 JEU. 1 AVRIL AU 1 DEC.,SU-JK-A,0,Réel,297644.5,5043005,-73.5916044828951,45.5269255946726,STATIONNEMENT,Le Plateau-Mont-Royal
-73.5916044828951,45.5269255946726,20846,907921,1589,\P RESERVE S3R 09h-23h,R-PF,3,Réel,297644.5,5043005,-73.5916044828951,45.5269255946726,STATIONNEMENT,Le Plateau-Mont-Royal
-73.5916044828951,45.5269255946726,20846,907922,1594,\P RESERVE S3R 17h-23h,R-PJ,2,Réel,297644.5,5043005,-73.5916044828951,45.5269255946726,STATIONNEMENT,Le Plateau-Mont-Royal
-73.5918602255903,45.5270343418412,222360,907919,1589,\P RESERVE S3R 09h-23h,R-PF,2,Réel,297624.537,5043017.108,-73.5918602255903,45.5270343418412,STATIONNEMENT,Le Plateau-Mont-Royal
-73.5932369479714,45.5277836203546,20818,907879,14077,\P 12h30-13h30 MAR. 1 AVRIL AU 1 DEC.,SU-MK-A,0,Réel,297517.094,5043100.5,-73.5932369479714,45.5277836203546,STATIONNEMENT,Le Plateau-Mont-Royal
-73.5932369479714,45.5277836203546,20818,907880,1589,\P RESERVE S3R 09h-23h,R-PF,2,Réel,297517.094,5043100.5,-73.5932369479714,45.5277836203546,STATIONNEMENT,Le Plateau-Mont-Royal
-73.5936383378633,45.5278552791653,20788,908010,14037,\P 12h30-13h30 JEU. 1 AVRIL AU 1 DEC.,SU-JK-A,0,Réel,297485.75,5043108.5,-73.5936383378633,45.5278552791653,STATIONNEMENT,Le Plateau-Mont-Royal
-73.5936383378633,45.5278552791653,20788,908011,1589,\P RESERVE S3R 09h-23h,R-PF,3,Réel,297485.75,5043108.5,-73.5936383378633,45.5278552791653,STATIONNEMENT,Le Plateau-Mont-Royal
-73.5907351427045,45.5274212000712,36633,907856,26,\A 07h-09h30 LUN. AU VEN.,AV-AA,0,Réel,297712.469,5043060,-73.5907351427045,45.5274212000712,STATIONNEMENT,Le Plateau-Mont-Royal
-73.5914161448008,45.5277266024379,36624,907850,26,\A 07h-09h30 LUN. AU VEN.,AV-AA,0,Réel,297659.313,5043094,-73.5914161448008,45.5277266024379,STATIONNEMENT,Le Plateau-Mont-Royal
-73.5914161448008,45.5277266024379,36624,907851,1642,\P RESERVE S3R 09h30-23h     (2 SECTEURS),R-RA-2S,2,Réel,297659.313,5043094,-73.5914161448008,45.5277266024379,STATIONNEMENT,Le Plateau-Mont-Royal
-73.5909796728773,45.5259902610911,158847,907780,2413,\P EN TOUT TEMPS,SD-TT,3,Réel,297693.188,5042901,-73.5909796728773,45.5259902610911,STATIONNEMENT,Le Plateau-Mont-Royal
-73.5909796728773,45.5259902610911,158847,907781,1594,\P RESERVE S3R 17h-23h,R-PJ,2,Réel,297693.188,5042901,-73.5909796728773,45.5259902610911,STATIONNEMENT,Le Plateau-Mont-Royal
-73.5917890191816,45.5264980228746,43115,907771,14039,\P 13h30-14h30 JEU. 1 AVRIL AU 1 DEC.,SU-JM-A,0,Réel,297630.031,5042957.5,-73.5917890191816,45.5264980228746,STATIONNEMENT,Le Plateau-Mont-Royal
-73.5917890191816,45.5264980228746,43115,907772,1589,\P RESERVE S3R 09h-23h,R-PF,3,Réel,297630.031,5042957.5,-73.5917890191816,45.5264980228746,STATIONNEMENT,Le Plateau-Mont-Royal
-73.5922013664789,45.526677658663,144694,907767,14039,\P 13h30-14h30 JEU. 1 AVRIL AU 1 DEC.,SU-JM-A,0,Réel,297597.844,5042977.5,-73.5922013664789,45.526677658663,STATIONNEMENT,Le Plateau-Mont-Royal
-73.5922013664789,45.526677658663,144694,907768,1589,\P RESERVE S3R 09h-23h,R-PF,2,Réel,297597.844,5042977.5,-73.5922013664789,45.526677658663,STATIONNEMENT,Le Plateau-Mont-Royal
-73.5913781080715,45.5244917102445,214537,907704,11,\A EN TOUT TEMPS,AD-TT,3,Réel,297661.875,5042734.5,-73.5913781080715,45.5244917102445,STATIONNEMENT,Le Plateau-Mont-Royal
-73.5913781080715,45.5244917102445,214537,907705,1589,\P RESERVE S3R 09h-23h,R-PF,2,Réel,297661.875,5042734.5,-73.5913781080715,45.5244917102445,STATIONNEMENT,Le Plateau-Mont-Royal
-73.5918254352475,45.525031255304,35319,907694,14036,\P 12h-13h JEU. 1 AVRIL AU 1 DEC.,SU-JJ-A,0,Réel,297627,5042794.5,-73.5918254352475,45.525031255304,STATIONNEMENT,Le Plateau-Mont-Royal
-73.5918254352475,45.525031255304,35319,907695,1589,\P RESERVE S3R 09h-23h,R-PF,3,Réel,297627,5042794.5,-73.5918254352475,45.525031255304,STATIONNEMENT,Le Plateau-Mont-Royal
-73.5921661360629,45.5251884528473,35315,907692,14036,\P 12h-13h JEU. 1 AVRIL AU 1 DEC.,SU-JJ-A,0,Réel,297600.406,5042812,-73.5921661360629,45.5251884528473,STATIONNEMENT,Le Plateau-Mont-Royal
-73.5921661360629,45.5251884528473,35315,907693,1589,\P RESERVE S3R 09h-23h,R-PF,2,Réel,297600.406,5042812,-73.5921661360629,45.5251884528473,STATIONNEMENT,Le Plateau-Mont-Royal
-73.593484348207,45.5259432468374,35238,907681,14077,\P 12h30-13h30 MAR. 1 AVRIL AU 1 DEC.,SU-MK-A,0,Réel,297497.531,5042896,-73.593484348207,45.5259432468374,STATIONNEMENT,Le Plateau-Mont-Royal
-73.593484348207,45.5259432468374,35238,907682,1589,\P RESERVE S3R 09h-23h,R-PF,2,Réel,297497.531,5042896,-73.593484348207,45.5259432468374,STATIONNEMENT,Le Plateau-Mont-Royal
-73.5939529066952,45.5260058511833,35227,907677,14036,\P 12h-13h JEU. 1 AVRIL AU 1 DEC.,SU-JJ-A,0,Réel,297460.938,5042903,-73.5939529066952,45.5260058511833,STATIONNEMENT,Le Plateau-Mont-Royal
-73.5939529066952,45.5260058511833,35227,907678,1589,\P RESERVE S3R 09h-23h,R-PF,3,Réel,297460.938,5042903,-73.5939529066952,45.5260058511833,STATIONNEMENT,Le Plateau-Mont-Royal
-73.5939518806269,45.525389461996,164394,907675,1589,\P RESERVE S3R 09h-23h,R-PF,2,Réel,297460.938,5042834.5,-73.5939518806269,45.525389461996,STATIONNEMENT,Le Plateau-Mont-Royal
-73.594357047211,45.5255780943385,41915,907669,14036,\P 12h-13h JEU. 1 AVRIL AU 1 DEC.,SU-JJ-A,0,Réel,297429.313,5042855.5,-73.594357047211,45.5255780943385,STATIONNEMENT,Le Plateau-Mont-Royal
-73.594357047211,45.5255780943385,41915,907670,1589,\P RESERVE S3R 09h-23h,R-PF,3,Réel,297429.313,5042855.5,-73.594357047211,45.5255780943385,STATIONNEMENT,Le Plateau-Mont-Royal
-73.594392025998,45.5254430895167,41919,907662,14077,\P 12h30-13h30 MAR. 1 AVRIL AU 1 DEC.,SU-MK-A,0,Réel,297426.563,5042840.5,-73.594392025998,45.5254430895167,STATIONNEMENT,Le Plateau-Mont-Royal
-73.594392025998,45.5254430895167,41919,907663,1589,\P RESERVE S3R 09h-23h,R-PF,3,Réel,297426.563,5042840.5,-73.594392025998,45.5254430895167,STATIONNEMENT,Le Plateau-Mont-Royal
-73.5946462347624,45.5255463607198,219076,907659,11,\A EN TOUT TEMPS,AD-TT,3,Réel,297406.719,5042852,-73.5946462347624,45.5255463607198,STATIONNEMENT,Le Plateau-Mont-Royal
-73.5946462347624,45.5255463607198,219076,907660,1589,\P RESERVE S3R 09h-23h,R-PF,2,Réel,297406.719,5042852,-73.5946462347624,45.5255463607198,STATIONNEMENT,Le Plateau-Mont-Royal
-73.5923574519366,45.5245134186322,41953,907654,14077,\P 12h30-13h30 MAR. 1 AVRIL AU 1 DEC.,SU-MK-A,0,Réel,297585.375,5042737,-73.5923574519366,45.5245134186322,STATIONNEMENT,Le Plateau-Mont-Royal
-73.5923574519366,45.5245134186322,41953,907655,1589,\P RESERVE S3R 09h-23h,R-PF,0,Réel,297585.375,5042737,-73.5923574519366,45.5245134186322,STATIONNEMENT,Le Plateau-Mont-Royal
-73.5927185688082,45.5246702380981,222355,907652,14077,\P 12h30-13h30 MAR. 1 AVRIL AU 1 DEC.,SU-MK-A,0,Réel,297557.186,5042754.46,-73.5927185688082,45.5246702380981,STATIONNEMENT,Le Plateau-Mont-Royal
-73.5927185688082,45.5246702380981,222355,907653,1589,\P RESERVE S3R 09h-23h,R-PF,2,Réel,297557.186,5042754.46,-73.5927185688082,45.5246702380981,STATIONNEMENT,Le Plateau-Mont-Royal
-73.5938760860508,45.5243142159924,24115,907630,14036,\P 12h-13h JEU. 1 AVRIL AU 1 DEC.,SU-JJ-A,0,Réel,297466.719,5042715,-73.5938760860508,45.5243142159924,STATIONNEMENT,Le Plateau-Mont-Royal
-73.5938760860508,45.5243142159924,24115,907631,9768,"\P EXCEPTE S3R 17h-23h LUN A VEN, 9h-23h SAM ET DIM",R-SX,3,Réel,297466.719,5042715,-73.5938760860508,45.5243142159924,STATIONNEMENT,Le Plateau-Mont-Royal
-73.594503782795,45.5249070346866,222354,907615,1589,\P RESERVE S3R 09h-23h,R-PF,2,Réel,297417.763,5042780.938,-73.594503782795,45.5249070346866,STATIONNEMENT,Le Plateau-Mont-Royal
-73.595000806969,45.5258610102045,121325,913251,1686,\P RESERVE HANDICAPES (PICTO),R-TD,2,Réel,297379.063,5042887,-73.595000806969,45.5258610102045,STATIONNEMENT,Le Plateau-Mont-Royal
-73.5984632282528,45.5249156763164,221725,899424,11,\A EN TOUT TEMPS,AD-TT,3,Réel,297108.469,5042782.27,-73.5984632282528,45.5249156763164,STATIONNEMENT,Le Plateau-Mont-Royal
-73.5984318902995,45.5249010809306,221722,899423,11,\A EN TOUT TEMPS,AD-TT,2,Réel,297110.915,5042780.645,-73.5984318902995,45.5249010809306,STATIONNEMENT,Le Plateau-Mont-Royal
-73.593033867588,45.5255860004129,222339,907301,11,\A EN TOUT TEMPS,AD-TT,3,Réel,297532.674,5042856.258,-73.593033867588,45.5255860004129,STATIONNEMENT,Le Plateau-Mont-Royal
-73.5902742683827,45.5274215652133,36639,902432,14178,\P 07h-08h LUN. AU VEN. 1 AVRIL AU 1 DEC.,SV-AD-A,0,Réel,297748.469,5043060,-73.5902742683827,45.5274215652133,STATIONNEMENT,Le Plateau-Mont-Royal
-73.5902742683827,45.5274215652133,36639,902433,8868,\P RESERVE S3R 17h-23h  (2 SECTEURS),R-PJ-2S,3,Réel,297748.469,5043060,-73.5902742683827,45.5274215652133,STATIONNEMENT,Le Plateau-Mont-Royal
-73.5999360268549,45.5248129854173,213640,911076,11,\A EN TOUT TEMPS,AD-TT,2,Réel,296993.406,5042771,-73.5999360268549,45.5248129854173,STATIONNEMENT,Le Plateau-Mont-Royal
-73.5943006688482,45.5260685533892,219078,910612,11,\A EN TOUT TEMPS,AD-TT,2,Réel,297433.781,5042910,-73.5943006688482,45.5260685533892,STATIONNEMENT,Le Plateau-Mont-Royal
-73.5943006688482,45.5260685533892,219078,910613,1589,\P RESERVE S3R 09h-23h,R-PF,3,Réel,297433.781,5042910,-73.5943006688482,45.5260685533892,STATIONNEMENT,Le Plateau-Mont-Royal
-73.5950929522756,45.5254650041698,36025,910608,14139,\P 18h30-19h30 LUNDI  1 AVRIL AU 1 DEC.,SU-UC-A,0,Réel,297371.813,5042843,-73.5950929522756,45.5254650041698,STATIONNEMENT,Le Plateau-Mont-Royal
-73.5950929522756,45.5254650041698,36025,910609,1589,\P RESERVE S3R 09h-23h,R-PF,3,Réel,297371.813,5042843,-73.5950929522756,45.5254650041698,STATIONNEMENT,Le Plateau-Mont-Royal
-73.5948748255173,45.5254423566126,222616,910605,1589,\P RESERVE S3R 09h-23h,R-PF,3,Réel,297388.849,5042840.463,-73.5948748255173,45.5254423566126,STATIONNEMENT,Le Plateau-Mont-Royal
-73.5950062762745,45.5253076043757,36026,910602,14113,\P 19h-20h MAR. 1 AVRIL AU 1 DEC.,SU-SB-A,0,Réel,297378.563,5042825.5,-73.5950062762745,45.5253076043757,STATIONNEMENT,Le Plateau-Mont-Royal
-73.5950062762745,45.5253076043757,36026,910603,1415,P 15 min 09h-16h LUN. AU VEN.,PV-DF,3,Réel,297378.563,5042825.5,-73.5950062762745,45.5253076043757,STATIONNEMENT,Le Plateau-Mont-Royal
-73.5950062762745,45.5253076043757,36026,910604,1589,\P RESERVE S3R 09h-23h,R-PF,2,Réel,297378.563,5042825.5,-73.5950062762745,45.5253076043757,STATIONNEMENT,Le Plateau-Mont-Royal
-73.5986453978431,45.5249985743429,220022,892388,1762,\P RESERVE DEBARCADERE HANDICAPES EN TOUT TEMPS,RD-TT,3,Réel,297094.25,5042791.5,-73.5986453978431,45.5249985743429,STATIONNEMENT,Le Plateau-Mont-Royal
-73.5954712181613,45.5251792595604,219110,870130,11,\A EN TOUT TEMPS,AD-TT,2,Réel,297342.227,5042811.28,-73.5954712181613,45.5251792595604,STATIONNEMENT,Le Plateau-Mont-Royal
-73.5956723230334,45.52481213673,36045,870123,14139,\P 18h30-19h30 LUNDI  1 AVRIL AU 1 DEC.,SU-UC-A,0,Réel,297326.469,5042770.5,-73.5956723230334,45.52481213673,STATIONNEMENT,Le Plateau-Mont-Royal
-73.5944066010043,45.5276971749783,43084,850454,2413,\P EN TOUT TEMPS,SD-TT,3,Réel,297425.719,5043091,-73.5944066010043,45.5276971749783,STATIONNEMENT,Le Plateau-Mont-Royal
-73.5950743236562,45.5252356865763,153715,849927,11,\A EN TOUT TEMPS,AD-TT,3,Réel,297373.238,5042817.514,-73.5950743236562,45.5252356865763,STATIONNEMENT,Le Plateau-Mont-Royal
-73.5950743236562,45.5252356865763,153715,849928,1415,P 15 min 09h-16h LUN. AU VEN.,PV-DF,2,Réel,297373.238,5042817.514,-73.5950743236562,45.5252356865763,STATIONNEMENT,Le Plateau-Mont-Royal
-73.5950221130977,45.5251410579002,219109,849887,11,\A EN TOUT TEMPS,AD-TT,2,Réel,297377.304,5042806.993,-73.5950221130977,45.5251410579002,STATIONNEMENT,Le Plateau-Mont-Royal
-73.5950221130977,45.5251410579002,219109,849888,2435,\P LIVRAISON SEULEMENT 08h-12h LUN. AU VEN.,SL-AN,3,Réel,297377.304,5042806.993,-73.5950221130977,45.5251410579002,STATIONNEMENT,Le Plateau-Mont-Royal
-73.5946851030805,45.5278141665182,219100,849614,11,\A EN TOUT TEMPS,AD-TT,2,Réel,297403.98,5043104.027,-73.5946851030805,45.5278141665182,STATIONNEMENT,Le Plateau-Mont-Royal
-73.5948367845871,45.5279902201922,219099,849609,11,\A EN TOUT TEMPS,AD-TT,2,Réel,297392.155,5043123.606,-73.5948367845871,45.5279902201922,STATIONNEMENT,Le Plateau-Mont-Royal
-73.5948367845871,45.5279902201922,219099,849610,2413,\P EN TOUT TEMPS,SD-TT,3,Réel,297392.155,5043123.606,-73.5948367845871,45.5279902201922,STATIONNEMENT,Le Plateau-Mont-Royal
-73.5925038395986,45.5273273680197,219097,849596,11,\A EN TOUT TEMPS,AD-TT,2,Réel,297574.3,5043049.73,-73.5925038395986,45.5273273680197,STATIONNEMENT,Le Plateau-Mont-Royal
-73.5924102000564,45.5274023284269,219096,849594,11,\A EN TOUT TEMPS,AD-TT,3,Réel,297581.624,5043058.052,-73.5924102000564,45.5274023284269,STATIONNEMENT,Le Plateau-Mont-Royal
-73.5924102000564,45.5274023284269,219096,849595,1656,\P RESERVE S3R 16h-23h,R-RL,2,Réel,297581.624,5043058.052,-73.5924102000564,45.5274023284269,STATIONNEMENT,Le Plateau-Mont-Royal
-73.5975602239498,45.5276493622446,219087,849564,11,\A EN TOUT TEMPS,AD-TT,2,Réel,297179.377,5043085.981,-73.5975602239498,45.5276493622446,STATIONNEMENT,Le Plateau-Mont-Royal
-73.5975602239498,45.5276493622446,219087,849565,2413,\P EN TOUT TEMPS,SD-TT,3,Réel,297179.377,5043085.981,-73.5975602239498,45.5276493622446,STATIONNEMENT,Le Plateau-Mont-Royal
-73.594542383362,45.5256583867484,219075,849548,11,\A EN TOUT TEMPS,AD-TT,2,Réel,297414.846,5042864.44,-73.594542383362,45.5256583867484,STATIONNEMENT,Le Plateau-Mont-Royal
-73.5947986778426,45.5255316929072,219077,849550,11,\A EN TOUT TEMPS,AD-TT,2,Réel,297394.809,5042850.384,-73.5947986778426,45.5255316929072,STATIONNEMENT,Le Plateau-Mont-Royal
-73.5936345749017,45.5250007578865,219070,849533,11,\A EN TOUT TEMPS,AD-TT,2,Réel,297485.674,5042791.274,-73.5936345749017,45.5250007578865,STATIONNEMENT,Le Plateau-Mont-Royal
-73.5936345749017,45.5250007578865,219070,849534,2426,\P 08h-17h LUN A VEN SEPT A JUIN,SE-JC,3,Réel,297485.674,5042791.274,-73.5936345749017,45.5250007578865,STATIONNEMENT,Le Plateau-Mont-Royal
-73.5933892030171,45.5251447801067,219069,849532,11,\A EN TOUT TEMPS,AD-TT,2,Réel,297504.86,5042807.257,-73.5933892030171,45.5251447801067,STATIONNEMENT,Le Plateau-Mont-Royal
-73.5934888041805,45.52501640851,219068,849531,11,\A EN TOUT TEMPS,AD-TT,3,Réel,297497.063,5042793,-73.5934888041805,45.52501640851,STATIONNEMENT,Le Plateau-Mont-Royal
-73.5940561793148,45.5243777764995,219066,849519,11,\A EN TOUT TEMPS,AD-TT,2,Réel,297452.659,5042722.08,-73.5940561793148,45.5243777764995,STATIONNEMENT,Le Plateau-Mont-Royal
-73.5919498932059,45.5244741994646,41958,853508,14036,\P 12h-13h JEU. 1 AVRIL AU 1 DEC.,SU-JJ-A,0,Réel,297617.207,5042732.605,-73.5919498932059,45.5244741994646,STATIONNEMENT,Le Plateau-Mont-Royal
-73.5968821500811,45.5258244983422,219010,848515,2413,\P EN TOUT TEMPS,SD-TT,2,Réel,297232.098,5042883.118,-73.5968821500811,45.5258244983422,STATIONNEMENT,Le Plateau-Mont-Royal
-73.5911327161466,45.5248554414845,46648,848376,11,\A EN TOUT TEMPS,AD-TT,0,Réel,297681.09,5042774.9,-73.5911327161466,45.5248554414845,STATIONNEMENT,Le Plateau-Mont-Royal
-73.5947175885573,45.5279171261743,137848,849204,1411,P 15 min 07h-18h LUN. AU VEN.,PV-DB,0,Réel,297401.456,5043115.472,-73.5947175885573,45.5279171261743,STATIONNEMENT,Le Plateau-Mont-Royal
-73.5975022442386,45.5273462109361,98794,841819,11,\A EN TOUT TEMPS,AD-TT,3,Réel,297183.865,5043052.286,-73.5975022442386,45.5273462109361,STATIONNEMENT,Le Plateau-Mont-Royal
-73.5959752649173,45.5244024555743,72860,816226,2413,\P EN TOUT TEMPS,SD-TT,2,Réel,297302.75,5042725,-73.5959752649173,45.5244024555743,STATIONNEMENT,Le Plateau-Mont-Royal
-73.5951600435286,45.5240362819467,72914,821130,2687,\P 08h-09h LUN. AU VEN. 1 MARS AU 1 DEC.,SV-AF,0,Réel,297366.384,5042684.231,-73.5951600435286,45.5240362819467,STATIONNEMENT,Le Plateau-Mont-Royal
-73.5973414282932,45.5260345083548,23982,820979,2440,\P LIVRAISON SEULEMENT 08h-17h LUN. AU VEN.,SL-JC,3,Réel,297196.25,5042906.5,-73.5973414282932,45.5260345083548,STATIONNEMENT,Le Plateau-Mont-Royal
-73.5954687550946,45.5268563373222,216756,814467,2725,\P 08h-20h   LUN A VEN,SV-JU,0,Réel,297342.641,5042997.655,-73.5954687550946,45.5268563373222,STATIONNEMENT,Le Plateau-Mont-Royal
-73.5904228617078,45.5272774734169,36635,814301,26,\A 07h-09h30 LUN. AU VEN.,AV-AA,0,Réel,297736.844,5043044,-73.5904228617078,45.5272774734169,STATIONNEMENT,Le Plateau-Mont-Royal
-73.5905572064196,45.5257296433432,151372,814166,11,\A EN TOUT TEMPS,AD-TT,0,Réel,297726.156,5042872,-73.5905572064196,45.5257296433432,STATIONNEMENT,Le Plateau-Mont-Royal
-73.5947215396503,45.5258624119047,36019,818231,14139,\P 18h30-19h30 LUNDI  1 AVRIL AU 1 DEC.,SU-UC-A,0,Réel,297400.878,5042887.13,-73.5947215396503,45.5258624119047,STATIONNEMENT,Le Plateau-Mont-Royal
-73.5947215396503,45.5258624119047,36019,818232,11,\A EN TOUT TEMPS,AD-TT,2,Réel,297400.878,5042887.13,-73.5947215396503,45.5258624119047,STATIONNEMENT,Le Plateau-Mont-Royal
-73.5902172416734,45.5257839027087,21794,818159,11,\A EN TOUT TEMPS,AD-TT,2,Réel,297752.719,5042878,-73.5902172416734,45.5257839027087,STATIONNEMENT,Le Plateau-Mont-Royal
-73.5902172416734,45.5257839027087,21794,818160,14039,\P 13h30-14h30 JEU. 1 AVRIL AU 1 DEC.,SU-JM-A,0,Réel,297752.719,5042878,-73.5902172416734,45.5257839027087,STATIONNEMENT,Le Plateau-Mont-Royal
-73.5996780221417,45.5270943037789,34914,796491,14136,\P 18h30-19h30 JEUDI  1 AVRIL AU 1 DEC.,SU-SY-A,0,Réel,297013.875,5043024.5,-73.5996780221417,45.5270943037789,STATIONNEMENT,Le Plateau-Mont-Royal
-73.5996780221417,45.5270943037789,34914,796492,2413,\P EN TOUT TEMPS,SD-TT,2,Réel,297013.875,5043024.5,-73.5996780221417,45.5270943037789,STATIONNEMENT,Le Plateau-Mont-Royal
-73.5907269714758,45.5253245808679,216256,807611,11,\A EN TOUT TEMPS,AD-TT,0,Réel,297712.844,5042827,-73.5907269714758,45.5253245808679,STATIONNEMENT,Le Plateau-Mont-Royal
-73.5990590560858,45.5250072147764,20691,784434,1762,\P RESERVE DEBARCADERE HANDICAPES EN TOUT TEMPS,RD-TT,2,Réel,297061.938,5042792.5,-73.5990590560858,45.5250072147764,STATIONNEMENT,Le Plateau-Mont-Royal
-73.5996298561051,45.5272293216826,34913,778548,14113,\P 19h-20h MAR. 1 AVRIL AU 1 DEC.,SU-SB-A,0,Réel,297017.656,5043039.5,-73.5996298561051,45.5272293216826,STATIONNEMENT,Le Plateau-Mont-Royal
-73.5934006111875,45.526623503913,214495,744493,2413,\P EN TOUT TEMPS,SD-TT,8,Réel,297504.16,5042971.59,-73.5934006111875,45.526623503913,STATIONNEMENT,Le Plateau-Mont-Royal
-73.5936000341502,45.5267130996552,214493,744495,2413,\P EN TOUT TEMPS,SD-TT,8,Réel,297488.594,5042981.565,-73.5936000341502,45.5267130996552,STATIONNEMENT,Le Plateau-Mont-Royal
-73.5934999501795,45.5266676047572,214468,744494,2413,\P EN TOUT TEMPS,SD-TT,8,Réel,297496.406,5042976.5,-73.5934999501795,45.5266676047572,STATIONNEMENT,Le Plateau-Mont-Royal
-73.5989411721421,45.5276683938906,213491,722244,1686,\P RESERVE HANDICAPES (PICTO),R-TD,3,Réel,297071.511,5043088.228,-73.5989411721421,45.5276683938906,STATIONNEMENT,Le Plateau-Mont-Royal
-73.5962041681616,45.5246812133168,72854,716981,14178,\P 07h-08h LUN. AU VEN. 1 AVRIL AU 1 DEC.,SV-AD-A,0,Réel,297284.906,5042756,-73.5962041681616,45.5246812133168,STATIONNEMENT,Le Plateau-Mont-Royal
-73.5950799625169,45.5241602475594,72880,716980,14178,\P 07h-08h LUN. AU VEN. 1 AVRIL AU 1 DEC.,SV-AD-A,0,Réel,297372.656,5042698,-73.5950799625169,45.5241602475594,STATIONNEMENT,Le Plateau-Mont-Royal
-73.5950442721883,45.5264863624225,21524,694862,2413,\P EN TOUT TEMPS,SD-TT,0,Réel,297375.75,5042956.5,-73.5950442721883,45.5264863624225,STATIONNEMENT,Le Plateau-Mont-Royal
-73.5993850171638,45.5254118594417,183757,684979,11,\A EN TOUT TEMPS,AD-TT,2,Réel,297036.531,5042837.5,-73.5993850171638,45.5254118594417,STATIONNEMENT,Le Plateau-Mont-Royal
-73.5996161998565,45.5251642022035,183760,684960,11,\A EN TOUT TEMPS,AD-TT,3,Réel,297018.438,5042810,-73.5996161998565,45.5251642022035,STATIONNEMENT,Le Plateau-Mont-Royal
-73.599722737134,45.5247816774275,24424,684959,11,\A EN TOUT TEMPS,AD-TT,3,Réel,297010.063,5042767.5,-73.599722737134,45.5247816774275,STATIONNEMENT,Le Plateau-Mont-Royal
-73.5931931209765,45.5276486802465,20790,684233,14037,\P 12h30-13h30 JEU. 1 AVRIL AU 1 DEC.,SU-JK-A,0,Réel,297520.5,5043085.5,-73.5931931209765,45.5276486802465,STATIONNEMENT,Le Plateau-Mont-Royal
-73.5931931209765,45.5276486802465,20790,684234,1656,\P RESERVE S3R 16h-23h,R-RL,2,Réel,297520.5,5043085.5,-73.5931931209765,45.5276486802465,STATIONNEMENT,Le Plateau-Mont-Royal
-73.5925354993323,45.5274602486265,20803,674641,1656,\P RESERVE S3R 16h-23h,R-RL,0,Réel,297571.844,5043064.5,-73.5925354993323,45.5274602486265,STATIONNEMENT,Le Plateau-Mont-Royal
-73.5925354993323,45.5274602486265,20803,674642,14077,\P 12h30-13h30 MAR. 1 AVRIL AU 1 DEC.,SU-MK-A,0,Réel,297571.844,5043064.5,-73.5925354993323,45.5274602486265,STATIONNEMENT,Le Plateau-Mont-Royal
-73.5944497360798,45.5240662872109,21452,672853,2413,\P EN TOUT TEMPS,SD-TT,3,Réel,297421.875,5042687.5,-73.5944497360798,45.5240662872109,STATIONNEMENT,Le Plateau-Mont-Royal
-73.596745152423,45.524752743601,72867,653820,14180,\P 08h-09h LUN. AU VEN. 1 AVRIL AU 1 DEC.,SV-AF-A,0,Réel,297242.656,5042764,-73.596745152423,45.524752743601,STATIONNEMENT,Le Plateau-Mont-Royal
-73.5971838124242,45.5251123070858,72847,653817,14178,\P 07h-08h LUN. AU VEN. 1 AVRIL AU 1 DEC.,SV-AD-A,0,Réel,297208.438,5042804,-73.5971838124242,45.5251123070858,STATIONNEMENT,Le Plateau-Mont-Royal
-73.5965668642749,45.5248338800208,72851,653816,2459,\P LIVRAISON SEULEMENT 13h-17h LUN. AU VEN.,SL-PK,2,Réel,297256.594,5042773,-73.5965668642749,45.5248338800208,STATIONNEMENT,Le Plateau-Mont-Royal
-73.5931463507196,45.5255441292015,186102,657342,11,\A EN TOUT TEMPS,AD-TT,2,Réel,297523.882,5042851.615,-73.5931463507196,45.5255441292015,STATIONNEMENT,Le Plateau-Mont-Royal
-73.5932841070579,45.5256976643809,186101,657341,11,\A EN TOUT TEMPS,AD-TT,2,Réel,297513.141,5042868.69,-73.5932841070579,45.5256976643809,STATIONNEMENT,Le Plateau-Mont-Royal
-73.5994634144167,45.5269955085233,34915,654320,2413,\P EN TOUT TEMPS,SD-TT,3,Réel,297030.625,5043013.5,-73.5994634144167,45.5269955085233,STATIONNEMENT,Le Plateau-Mont-Royal
-73.5994455872585,45.5250880894558,183759,642889,11,\A EN TOUT TEMPS,AD-TT,2,Réel,297031.755,5042801.525,-73.5994455872585,45.5250880894558,STATIONNEMENT,Le Plateau-Mont-Royal
-73.598636975822,45.5263618384069,98808,641164,2439,\P LIVRAISON SEULEMENT 08h-16h LUN. AU VEN.,SL-JB,2,Réel,297095.094,5042943,-73.598636975822,45.5263618384069,STATIONNEMENT,Le Plateau-Mont-Royal
-73.5936554518652,45.5258711195296,146356,642155,14036,\P 12h-13h JEU. 1 AVRIL AU 1 DEC.,SU-JJ-A,0,Réel,297484.156,5042888,-73.5936554518652,45.5258711195296,STATIONNEMENT,Le Plateau-Mont-Royal
-73.5996951656499,45.5254790771477,182078,641832,2435,\P LIVRAISON SEULEMENT 08h-12h LUN. AU VEN.,SL-AN,3,Réel,297012.313,5042845,-73.5996951656499,45.5254790771477,STATIONNEMENT,Le Plateau-Mont-Royal
-73.5995510283818,45.5254117148878,182077,641830,11,\A EN TOUT TEMPS,AD-TT,3,Réel,297023.563,5042837.5,-73.5995510283818,45.5254117148878,STATIONNEMENT,Le Plateau-Mont-Royal
-73.5995510283818,45.5254117148878,182077,641831,2435,\P LIVRAISON SEULEMENT 08h-12h LUN. AU VEN.,SL-AN,2,Réel,297023.563,5042837.5,-73.5995510283818,45.5254117148878,STATIONNEMENT,Le Plateau-Mont-Royal
-73.5975318684193,45.525116509644,72871,611289,2709,\P 08h-19h LUN. AU VEN.,SV-JD,3,Réel,297181.25,5042804.5,-73.5975318684193,45.525116509644,STATIONNEMENT,Le Plateau-Mont-Royal
-73.5967474270865,45.5249147128024,72849,611288,2459,\P LIVRAISON SEULEMENT 13h-17h LUN. AU VEN.,SL-PK,3,Réel,297242.5,5042782,-73.5967474270865,45.5249147128024,STATIONNEMENT,Le Plateau-Mont-Royal
-73.5965864149229,45.5273714105961,21534,620267,2725,\P 08h-20h   LUN A VEN,SV-JU,0,Réel,297255.406,5043055,-73.5965864149229,45.5273714105961,STATIONNEMENT,Le Plateau-Mont-Royal
-73.5946223984211,45.5277914795406,43082,590000,14130,\P 18h-19h LUNDI 1ER AVRIL AU 1ER DEC.,SU-SS-A,0,Réel,297408.875,5043101.5,-73.5946223984211,45.5277914795406,STATIONNEMENT,Le Plateau-Mont-Royal
-73.5992309256189,45.5276480941413,41892,528575,2413,\P EN TOUT TEMPS,SD-TT,2,Réel,297048.875,5043086,-73.5992309256189,45.5276480941413,STATIONNEMENT,Le Plateau-Mont-Royal
-73.5906755080654,45.5259773832766,43120,498853,13832,\P 13h30-14h30 LUN. JEU. 1 AVRIL AU 1 DEC.,SB-JM-A,0,Réel,297716.946,5042899.542,-73.5906755080654,45.5259773832766,STATIONNEMENT,Le Plateau-Mont-Royal
-73.5955211239782,45.524199040537,72921,490939,14180,\P 08h-09h LUN. AU VEN. 1 AVRIL AU 1 DEC.,SV-AF-A,0,Réel,297338.199,5042702.352,-73.5955211239782,45.524199040537,STATIONNEMENT,Le Plateau-Mont-Royal
-73.5955211239782,45.524199040537,72921,490940,2445,\P LIVRAISON SEULEMENT 09h-17h LUN. AU VEN.,SL-JH,2,Réel,297338.199,5042702.352,-73.5955211239782,45.524199040537,STATIONNEMENT,Le Plateau-Mont-Royal
-73.5983351906661,45.5254759007287,72875,359524,2457,\P LIVRAISON SEULEMENT 09h-18h LUN. AU VEN.,SL-OA,2,Réel,297118.547,5042844.516,-73.5983351906661,45.5254759007287,STATIONNEMENT,Le Plateau-Mont-Royal
-73.5953972808828,45.5241443437892,72916,146509,2445,\P LIVRAISON SEULEMENT 09h-17h LUN. AU VEN.,SL-JH,3,Réel,297347.866,5042696.262,-73.5953972808828,45.5241443437892,STATIONNEMENT,Le Plateau-Mont-Royal
-73.5903468287044,45.5254690904351,21799,45198,2411,\P DEUX COTES,SD-TC,0,Réel,297742.557,5042843.026,-73.5903468287044,45.5254690904351,STATIONNEMENT,Le Plateau-Mont-Royal
-73.5956132853042,45.5267482807189,21527,44666,2413,\P EN TOUT TEMPS,SD-TT,0,Réel,297331.337,5042985.66,-73.5956132853042,45.5267482807189,STATIONNEMENT,Le Plateau-Mont-Royal
-73.5971292235343,45.5274388612142,35194,428773,2413,\P EN TOUT TEMPS,SD-TT,0,Réel,297213.015,5043062.547,-73.5971292235343,45.5274388612142,STATIONNEMENT,Le Plateau-Mont-Royal
-73.5937873220798,45.5266027427217,113999,404012,2413,\P EN TOUT TEMPS,SD-TT,0,Réel,297473.95,5042969.318,-73.5937873220798,45.5266027427217,STATIONNEMENT,Le Plateau-Mont-Royal
-73.5927519842532,45.5266121365344,80562,161060,2411,\P DEUX COTES,SD-TC,0,Réel,297554.825,5042970.268,-73.5927519842532,45.5266121365344,STATIONNEMENT,Le Plateau-Mont-Royal
-73.5922735326868,45.5274461260964,19089,40022,11,\A EN TOUT TEMPS,AD-TT,2,Réel,297592.305,5043062.907,-73.5922735326868,45.5274461260964,STATIONNEMENT,Le Plateau-Mont-Royal
-73.5943044611151,45.5245073286801,129823,235550,2413,\P EN TOUT TEMPS,SD-TT,3,Réel,297433.281,5042736.5,-73.5943044611151,45.5245073286801,STATIONNEMENT,Le Plateau-Mont-Royal
-73.5957921774222,45.5270035322274,21529,44668,2725,\P 08h-20h   LUN A VEN,SV-JU,0,Réel,297317.397,5043014.043,-73.5957921774222,45.5270035322274,STATIONNEMENT,Le Plateau-Mont-Royal
